Reaction,Minimum Flux,Maximum Flux
EX_25dkglcn_e,0.0,0.0
EX_2ameph_e,0.0,0.0
EX_2m35mdntha_e,0.0,0.0
EX_2pglyc_e,0.0,0.0
EX_34dhbz_e,0.0,0.0
EX_35dnta_e,0.0,0.0
EX_3cmp_e,0.0,0.0
EX_3h4atb_e,0.0,0.0
EX_4abut_e,0.0,0.0
EX_4abz_e,0.0,0.0
EX_4hba_e,0.0,0.0
EX_4hoxpac_e,0.0,0.0
EX_4hphac_e,0.0,0.0
EX_4hpro_DC_e,0.0,0.0
EX_4hpro_LT_e,0.0,0.0
EX_4oxptn_e,0.0,0.0
EX_5drib_e,0.0,0.0
EX_5mcsn_e,0.0,0.0
EX_6atha_e,0.0,0.0
EX_LalaDgluMdapDala_e,0.0,0.0
EX_LalaLglu_e,0.0,0.0
EX_Lcyst_e,0.0,0.0
EX_Ncbmpts_e,0.0,0.0
EX_R_3hhpa_e,0.0,0.0
EX_R_3hnonaa_e,0.0,0.0
EX_R_3hpba_e,0.0,0.0
EX_R_3hpdeca_e,0.0,0.0
EX_R_3hphpa_e,0.0,0.0
EX_R_3hpnona_e,0.0,0.0
EX_R_3hpocta_e,0.0,0.0
EX_R_3hpt_e,0.0,0.0
EX_R_3htd58e_e,0.0,0.0
EX_abt_e,0.0,0.0
EX_ac_e,0.0,0.0
EX_acald_e,0.0,0.0
EX_acgam_e,0.0,0.0
EX_acmana_e,0.0,0.0
EX_acnam_e,0.0,0.0
EX_acon_C_e,0.0,0.0
EX_actn__R_e,0.0,0.0
EX_ade_e,0.0,0.0
EX_agm_e,0.0,0.0
EX_ala__D_e,0.0,0.0
EX_ala__L_e,0.0,0.0
EX_alahis_e,0.0,0.0
EX_alaleu_e,0.0,0.0
EX_alathr_e,0.0,0.0
EX_alatrp_e,0.0,0.0
EX_anhgm_e,0.0,0.0
EX_apc_e,0.0,0.0
EX_arab__L_e,0.0,0.0
EX_arbt6p_e,0.0,0.0
EX_arbt_e,0.0,0.0
EX_arg__L_e,0.0,0.0
EX_ascb__L_e,0.0,0.0
EX_asn__L_e,0.0,0.0
EX_aso3_e,0.0,0.0
EX_aso4_e,0.0,0.0
EX_asp__L_e,0.0,0.0
EX_bhb_e,0.0,0.0
EX_bz_e,0.0,0.0
EX_ca2_e,-0.00022297370331876004,-0.00020067633298686708
EX_carn_e,0.0,0.0
EX_cd2_e,0.0,0.0
EX_cellb_e,0.0,0.0
EX_cgly_e,0.0,0.0
EX_chol_e,0.0,0.0
EX_chols_e,0.0,0.0
EX_chtbs_e,0.0,0.0
EX_cinnm_e,0.0,0.0
EX_cl_e,-0.00022297370331873757,-0.00020067633298686717
EX_cm_e,0.0,0.0
EX_co2_e,-2.1507652035313027,-1.9356886831783557
EX_co_e,0.0,0.0
EX_coa_e,0.0,0.0
EX_cobalt2_e,-1.0806479966982433e-06,-9.725831970284353e-07
EX_crn_e,0.0,0.0
EX_csn_e,0.0,0.0
EX_cu2_e,-0.0003036620870722064,-0.0002732958783649903
EX_cyan_e,0.0,0.0
EX_cynt_e,0.0,0.0
EX_cys__L_e,0.0,0.0
EX_dca_e,0.0,0.0
EX_ddca_e,0.0,0.0
EX_dextrin_e,0.0,0.0
EX_drib_e,0.0,0.0
EX_dxyl_e,0.0,0.0
EX_enter_e,0.0,0.0
EX_fald_e,0.0,0.0
EX_fe2_e,-0.004540701931259004,0.0
EX_fe3_e,-0.004521859893995418,1.286492349106481e-19
EX_fe3dcit_e,0.0,0.0
EX_fe3pyovd_kt_e,0.0,0.0
EX_feenter_e,0.0,0.0
EX_fol_e,0.0,0.0
EX_for_e,0.0,0.0
EX_frmd_e,0.0,0.0
EX_fru_e,0.0,0.0
EX_fuc_e,0.0,0.0
EX_gal_bD_e,0.0,0.0
EX_gal_e,0.0,0.0
EX_galt_e,0.0,0.0
EX_galur_e,0.0,0.0
EX_gam_e,0.0,0.0
EX_glc__D_e,0.0,0.0
EX_glc__aD_e,0.0,0.0
EX_glcr_e,0.0,0.0
EX_glcur_e,0.0,0.0
EX_gln__L_e,0.0,0.0
EX_glu__L_e,0.0,0.0
EX_gly_e,0.0,0.0
EX_glyb_e,0.0,0.0
EX_glyc2p_e,0.0,0.0
EX_glyc3p_e,0.0,0.0
EX_glyclt_e,0.0,0.0
EX_glygln_e,0.0,0.0
EX_glyglu_e,0.0,0.0
EX_glygly_e,0.0,0.0
EX_glymet_e,0.0,0.0
EX_glyphe_e,0.0,0.0
EX_glyser_e,0.0,0.0
EX_gthrd_e,0.0,0.0
EX_gua_e,0.0,0.0
EX_h2_e,-20.5,-19.58333333333299
EX_h2o2_e,0.0,0.0
EX_h2o_e,18.426633174918848,19.343299841586212
EX_h2s_e,0.0,0.0
EX_h_e,0.0,0.0
EX_hco3_e,0.0,0.0
EX_hdca_e,0.0,0.0
EX_hdcea_e,0.0,0.0
EX_hexs_e,0.0,0.0
EX_his__L_e,0.0,0.0
EX_hisgly_e,0.0,0.0
EX_hishis_e,0.0,0.0
EX_hpta_e,0.0,0.0
EX_hxa_e,0.0,0.0
EX_icit_e,0.0,0.0
EX_ile__L_e,0.0,0.0
EX_ind3ac_e,0.0,0.0
EX_indole_e,0.0,0.0
EX_inost_e,0.0,0.0
EX_k_e,-0.008361063604454566,-0.0075249572440087556
EX_lcts_e,0.0,0.0
EX_leu__D_e,0.0,0.0
EX_leu__L_e,0.0,0.0
EX_leuleu_e,0.0,0.0
EX_lnlc_e,0.0,0.0
EX_lys__L_e,0.0,0.0
EX_m_xyl_e,0.0,0.0
EX_malt_e,0.0,0.0
EX_malthp_e,0.0,0.0
EX_malthx_e,0.0,0.0
EX_malttr_e,0.0,0.0
EX_maltttr_e,0.0,0.0
EX_man_e,0.0,0.0
EX_melib_e,0.0,0.0
EX_met__D_e,0.0,0.0
EX_met__L_e,0.0,0.0
EX_metox__R_e,0.0,0.0
EX_metox_e,0.0,0.0
EX_mg2_e,-0.0003716078298646316,-0.00033444704687815314
EX_mn2_e,-2.9627765909478688e-05,-2.66649893185296e-05
EX_mnl_e,0.0,0.0
EX_mobd_e,-3.151889990370073e-07,-2.836700991332936e-07
EX_mso3_e,0.0,0.0
EX_na1_e,0.0,0.0
EX_nh4_e,-0.3938718733732952,-0.35448468603602623
EX_nmn_e,0.0,0.0
EX_no2_e,0.0,0.0
EX_no3_e,0.0,0.0
EX_no_e,0.0,0.0
EX_nona_e,0.0,0.0
EX_novbcn_e,0.0,0.0
EX_o2_e,-8.166612733511865,-7.708279400178194
EX_ocdca_e,0.0,0.0
EX_ocdcea_e,0.0,0.0
EX_octa_e,0.0,0.0
EX_orn__D_e,0.0,0.0
EX_orn_e,0.0,0.0
EX_p_xyl_e,0.0,0.0
EX_pea_e,0.0,0.0
EX_peamn_e,0.0,0.0
EX_pentso3_e,0.0,0.0
EX_phe__L_e,0.0,0.0
EX_phedca_e,0.0,0.0
EX_phehpa_e,0.0,0.0
EX_phehxa_e,0.0,0.0
EX_pheme_e,0.0,0.0
EX_phenona_e,0.0,0.0
EX_pheocta_e,0.0,0.0
EX_phept_e,0.0,0.0
EX_pi_e,-0.014320518591498434,-0.012888466732362899
EX_ppap_e,0.0,0.0
EX_pro__L_e,0.0,0.0
EX_progly_e,0.0,0.0
EX_pta_e,0.0,0.0
EX_ptrc_e,0.0,0.0
EX_ptsla_e,0.0,0.0
EX_pydam_e,0.0,0.0
EX_pydxn_e,0.0,0.0
EX_pyovd_kt_e,0.0,0.0
EX_raffin_e,0.0,0.0
EX_rib__D_e,0.0,0.0
EX_rmn_e,0.0,0.0
EX_rnam_e,0.0,0.0
EX_s_e,0.0,0.0
EX_salchs4_e,0.0,0.0
EX_salchs4fe_e,0.0,0.0
EX_sbt__D_e,0.0,0.0
EX_sel_e,0.0,0.0
EX_ser__L_e,0.0,0.0
EX_sheme_e,0.0,0.0
EX_slnt_e,0.0,0.0
EX_so3_e,0.0,0.0
EX_so4_e,-0.00834386620941577,-0.007509479588474047
EX_spmd_e,0.0,0.0
EX_sucr_e,0.0,0.0
EX_tartr__D_e,0.0,0.0
EX_taur_e,0.0,0.0
EX_tcynt_e,0.0,0.0
EX_tet_e,0.0,0.0
EX_thr__L_e,0.0,0.0
EX_tnt_e,0.0,0.0
EX_tol_e,0.0,0.0
EX_tre_e,0.0,0.0
EX_trp__L_e,0.0,0.0
EX_tsul_e,0.0,0.0
EX_ttdca_e,0.0,0.0
EX_ttdcea_e,0.0,0.0
EX_ttrcyc_e,0.0,0.0
EX_tyr__D_e,0.0,0.0
EX_tyr__L_e,0.0,0.0
EX_urate_e,0.0,0.0
EX_urea_e,0.0,0.0
EX_vacc_e,0.0,0.0
EX_val__D_e,0.0,0.0
EX_val__L_e,0.0,0.0
EX_vanln_e,0.0,0.0
EX_xyl__D_e,0.0,0.0
EX_zn2_e,-1.4588747955426683e-05,-1.3129873159883878e-05
EX_glcn_e,0.0,0.0
EX_n2_e,0.0,0.0
EX_succ_e,0.0,0.0
EX_etoh_e,0.0,0.0
12DGR120tipp,0.0,0.4583333333335448
12DGR140tipp,0.0,0.45833333333255316
12DGR141tipp,0.0,0.4583333333332505
12DGR160tipp,0.0,0.4583333333326306
12DGR161tipp,0.0,0.4583333333337132
12DGR180tipp,0.0,0.4583333333327387
12DGR181tipp,0.0,0.45833333333288623
12PPDRDH,0.0,0.34375000000086486
13PPDH,0.0,0.0
1P2CBXLCYCL,0.0,0.0
1P2CBXLR,0.0,1000.0
1PY4h3cAH,0.0,0.0
25DKGLCNt2rpp,0.0,0.0
25DKGLCNtex,0.0,0.0
2AGPE161tipp,0.0,0.15994223480863176
2AGPE181tipp,0.0,0.16204691966166038
2AGPG120tipp,0.0,0.4583333333226704
2AGPG140tipp,0.0,0.4583333333225252
2AGPG141tipp,0.0,0.4583333333227841
2AGPG160tipp,0.0,0.42939916819501484
2AGPG161tipp,0.0,0.1951814400910148
2AGPG180tipp,0.0,0.4583333333229992
2AGPG181tipp,0.0,0.2291666666613057
2AGPGAT120,0.0,0.45833333332328496
2AGPGAT140,0.0,0.45833333332226545
2AGPGAT141,0.0,0.45833333332290227
2AGPGAT180,0.0,0.4583333333228126
2DGLCNRx,0.0,0.0
2DGLCNRy,0.0,0.0
2DGULRGx,0.0,0.0
2DGULRGy,0.0,0.0
2DGULRx,0.0,0.0
2DGULRy,0.0,0.0
2DHGLCNkt_tpp,0.0,0.0
2DHPFALDL,0.0,1.3749999999684592
2HH24DDH,0.0,0.0
2HH24DDH1,0.0,0.0
2PGLYCt6,0.0,0.0
34DHPACDO,0.0,0.0
3A2OA,-1000.0,999.9999731691124
3AIBT2,0.0,0.0
3CMPt6,0.0,0.0
3HAACOAT140,-1.3781778445334076,-0.0031537631135642057
3HACPH,-1000.0,0.0
3HAD140,-5.273232351514932e-19,1.3750240814057597
3HAD40,0.0,1000.0
3HBCOAHL,0.0,0.16176470587946565
3HOXTPP,0.0,1000.0
3NUCLE3,0.0,0.0
3NUCLE4,0.0,0.0
3OADPCOAT,0.0,0.08593749999759809
3OAR40,0.0,1000.0
3OXCOAT,0.0,0.0859374999996461
3PEPTabcpp,0.0,0.13414634146286467
3SALATAi,-1000.0,0.0
3_4DHBZ1t_pp,0.0,0.0
3_4DHBZt2,0.0,0.0
4ABUTD,-1000.0000000000002,0.2674859033423234
4ABUTabcpp,0.0,0.0
4ABZt,0.0,0.0
4CMLCL_kt,0.0,0.0
4H2KPILY,0.0,0.0
4HBADH,9.569987947174857e-06,1.0633319941270947e-05
4HBAt,0.0,0.0
4HBZt3pp,0.0,2.7499999999646945
4HDPROO,0.0,0.0
4HOXPACMOF,0.0,0.0
4HOXPACMOF_1,0.0,0.0
4HOXPACMON,0.0,0.0
4HOXPACt2pp_1,0.0,0.0
4HPRODCabcpp,0.0,0.0
4HPRODCtex,0.0,0.0
4HPROE,0.0,0.0
4HPROLTabcpp,0.0,1.3749999999500637
4HPROLTtex,0.0,1.3749999999656404
4HPRO_LT_Et,-1.3749999999283662,-5.861631400951858e-15
4HPTNCOAK,0.0,0.0
4HTHRK,0.0,1.3749999999823452
4HTHRS,0.0,1.3749999999051972
4OXPTCOADHx,0.0,0.0
4OXPTCOADHy,0.0,0.0
4OXPTNtex,0.0,0.0
4OXPTNtpp,0.0,0.0
4PEPTabcpp,0.0,0.14864864863840113
4PEPTtex,0.0,0.0
4POPCOAM,0.0,0.0
4POPCOAM2,0.0,0.0
4POPCOAM3,0.0,0.0
4hoxpactex,0.0,0.0
5DGLCNR,0.0,1000.0
5DKGR,0.0,1000.0
5DOAN,0.0,0.0
6ATHAtexi,0.0,0.0
6HNACMO,0.0,0.09482758620318009
A5PISO,0.0015768815567821035,0.0017520906186367698
A6PAG,0.0,1.3749999999391227
A6PAG2,0.0,0.0
AAAN,0.0,0.0
AACLAM,-1000.0,1000.0
AACOAR_syn,-1000.0,1000.0
AACPS3,0.14592128495184048,0.6335909617036088
AACPS5,0.0016261591054315438,0.45995949247479184
AACT,-1000.0,0.09377337862198634
AACTOOR,0.0,0.3055555555483919
AADa,-1000.0,1000.0
AADb,-1000.0,1000.0
AALDH,0.0,0.4230769230475489
AASAD3,0.0,0.6703952683127383
AATA,-0.6703952683386722,-2.684969099434825e-15
ABFPT2,0.0,0.0
ABTA,0.0,0.26748590336062117
ABTt,0.0,0.0
ABUTD,0.0,1000.0
ABUTtex,0.0,0.0
ACACT1r,-0.2042656844776547,1.4015048351632107
ACACT2r,-0.16992717648980088,1.4015048351092803
ACACT3r,-0.1699271764332921,1.4015048351092803
ACACT4r,-0.31725118515410744,1.40150483510928
ACACT5r,-1000.0,1000.0
ACACT5r_1,-1000.0000000000001,1000.0000000000001
ACACT6r,-1000.0,1000.0
ACACT6r_1,-1000.0000000000001,999.9999999999998
ACACT7r,-0.6641730093015443,1000.0000000000001
ACACT8r,-1.3825191967113564,0.27634061494470974
ACALDt,0.0,0.0
ACALDtpp,0.0,1.100000000566502
ACCOAC,1.256253296161729e-06,1.375001255849155
ACCOAL,0.0,1000.0
ACGAMK,0.0,0.16666666666712346
ACGAMPM,0.0,0.3333333333922412
ACGApts,0.0,0.0
ACGAptspp,0.0,0.0
ACGAtex,0.0,0.0
ACGK,0.0,1.3984304919779096
ACGS,0.0,1.375000000582037
ACHBS,0.0,0.23473743010078685
ACHBS2,0.0,0.2347374301592364
ACKr,-999.9999999999998,999.9999999999997
ACLS,0.0,0.2639902733634859
ACLS_b,-0.2312289966437814,0.27741696287055484
ACLS_d,-0.263990273265066,0.0
ACLSa_1,0.0,0.2639902733365632
ACLSb,0.0,0.3135836265760662
ACLSb_1,0.0,0.26399027337096515
ACM6PH,0.0,0.1666666667113893
ACMANApts,0.0,0.0
ACNAMt2,0.0,0.0
ACNML,0.0,0.0
ACOAD1,0.0,1000.0
ACOAD10f,0.0,0.0
ACOAD11f,0.0,0.0
ACOAD12f,0.0,0.0
ACOAD13f,0.0,0.0
ACOAD14f,0.0,0.0
ACOAD15f,0.0,0.0
ACOAD16f,0.0,0.0
ACOAD17f,0.0,0.0
ACOAD18f,0.0,0.0
ACOAD19f,0.0,0.0
ACOAD1f,0.0,1000.0
ACOAD1fr,0.0,1000.0
ACOAD2,-1000.0,1000.0
ACOAD20,0.0,0.1050837477561257
ACOAD20f,0.0,0.0
ACOAD21f,0.0,0.0
ACOAD22f,0.0,0.171875000132294
ACOAD23f,0.0,1000.0
ACOAD29f,0.0,0.0
ACOAD2f,-1000.0,1000.0
ACOAD3,-1000.0,1000.0
ACOAD30f,0.0,0.0
ACOAD31f,0.0,0.0
ACOAD32f,0.0,0.0
ACOAD33f,0.0,0.0
ACOAD3f,-1000.0,1000.0
ACOAD4_1,-1000.0,1000.0
ACOAD4f,-1000.0,1000.0000000000101
ACOAD5_1,-1000.0,1000.0
ACOAD5f,-1000.0,1000.0
ACOAD6,-1000.0,1000.0
ACOAD6f,-1000.0,1000.0
ACOAD7,-1000.0,1000.0
ACOAD7f,-1000.0,1000.0
ACOAD8f,-1.37554469154718,0.12453459555627949
ACOADH2,0.0,0.08088235295257888
ACOAM,0.0,1000.0
ACODA,0.0,1.3750000001083715
ACONCt4pp,0.0,0.0
ACONCtex,0.0,0.0
ACONCtupp,0.0,0.0
ACONT,-1000.0,1000.0
ACONTa,-1000.0000000000007,1000.0
ACONTb,-1000.0,999.9999999999998
ACOTA,-1.3984304905826284,1.3750000000791747
ACOXT,0.0,0.0
ACPPAT140,0.0,1.3750240816384403
ACPPAT160,0.0,0.23538742567965099
ACPPAT181,0.0008130795527157718,0.22997974625312342
ACPS,0.0,0.6875000000903752
ACS,0.0,1000.0
ACS2,0.0,1000.0
ACSERL,0.0,0.687500000144423
ACSPHAC100,0.0,1.3750000002379565
ACSPHAC101,0.0,1.3750000002705933
ACSPHAC120,0.0,1.375000000216096
ACSPHAC121,0.0,1.3750000001480955
ACSPHAC121d6,0.0,1.375000000216096
ACSPHAC140,0.0,1.375000000216096
ACSPHAC141,0.0,1.375000000259476
ACSPHAC141d5,0.0,1.375000000216096
ACSPHAC160,0.0,1.3750000002246345
ACSPHAC60,0.0,1.3750000002469414
ACSPHAC80,0.0,1.375000000223892
ACSPHACP50,0.0,1.3750000002365566
ACSPHACP60,0.0,1.3750000002383551
ACSPHACT40,0.0,1.3750000002383551
ACSPHACT60,0.0,1.3750000002461942
ACS_1,0.0,1000.0
ACTD,0.0,999.9999999999998
ACTD2,0.0,-1.601672962494904e-13
ACTD_1,0.0,1000.0
ACTDa,0.0,1000.0000000000003
ACTNabc,0.0,0.6875000000523783
ACTNabc1,0.0,0.6875000000683594
ACt4pp,0.0,0.0
ACtex,0.0,0.0
ADA,0.0,0.0
ADADir,0.0,1.3750000002033096
ADAPAT,0.0,0.0
ADCL,3.6147675489557774e-05,4.016408387797206e-05
ADCPS1,0.0,1.3750000001079268
ADCPS2,0.0,0.30555555559731584
ADCS,3.6147675489557706e-05,4.0164083878101734e-05
ADEt2rpp,0.0,0.0
ADEtex,0.0,0.0
ADK1,-1000.0,1000.0
ADK2,-1.3749999996453535,1000.0
ADK3,-1000.0,1000.0
ADK4,-1000.0,1000.0
ADKd,-1000.0,1000.0
ADNCYC,0.0,1.375000000221365
ADNK1,2.7110756617167627e-05,1.3750271109183236
ADOCBIAH,0.0,1.3750000002546883
ADOCBIK,0.0,1000.0000000000001
ADPGLC,0.0,1.375000000030154
ADPRDP,0.0,0.4583333333915524
ADPT,0.0,0.0
ADSELK,0.0,0.0
ADSELR,0.0,0.0
ADSELR2,0.0,0.0
ADSK,0.0,0.17187500002445427
ADSL1r,0.004524780658470314,0.6920247807492739
ADSL2r,0.0024363978610482486,0.002707108738065847
ADSS,0.004524780658896203,0.6920247806817427
AEPPYRTA,0.0,0.0
AEPabcpp,0.0,0.0
AEPtex,0.0,0.0
AGM3PApp,0.0,0.13414634148903967
AGM3PH,0.0,0.14864864866742983
AGM3Pt2pp,0.0,0.14864864866083563
AGM4PApp,0.0,0.14864864866083594
AGM4PH,0.0,0.1666666666756836
AGM4Pt2pp,0.0,0.1666666666916082
AGMH,0.0,0.14864864867089378
AGMPTRCtpp,0.0,0.0
AGMT,0.0,0.0
AGMt2pp,0.0,0.14864864867160898
AGMtex,0.0,0.0
AGPAT160,0.14592128494879195,0.4379034079050403
AGPAT181,0.0008130795527157717,0.22997974624454157
AGPOP,0.0,1000.0
AGPR,-1.3984304910297853,0.0
AGTi,-1000.0,1000.0
AHCi,2.7110756617167637e-05,0.6875271107496027
AHGDx,0.0,0.0
AHMMPS_1,0.0,1.0633299383667174e-05
AHSERL2,0.005790828645239468,0.006434254050264396
AHSERL4,0.0,0.0
AICART,0.006226311693968578,0.0069181241028046445
AIRC1,0.0,0.002707108740365359
AIRC2,0.0,0.0027071087403650928
AIRC3,-0.0027071087411108833,-1.5019305880189349e-18
AKGDH,0.0,0.32692721520742923
AKGDa,0.0,0.3269272151927316
AKGDb,0.0,0.3269272152026816
ALAALAD_1,0.0,0.12228719618188821
ALAALAabcpp,0.0,0.14872767103619153
ALAALAr,0.00216460547788954,0.16889113759427507
ALAGLUE,0.0,0.14864864864541225
ALAGLUabcpp,0.0,0.0
ALAHISabcpp,0.0,0.0
ALAHIStex,0.0,0.0
ALALEUabcpp,0.0,0.0
ALALEUtex,0.0,0.0
ALAR,-999.9950287220373,1000.0
ALAS,-0.7808816452922693,0.031846545632957676
ALATA_D,-999.9977563721372,999.9972723498995
ALATA_D2,0.0,0.9166666665978953
ALATA_L,-1000.0,1000.0
ALATA_L2,0.0,0.916666666623131
ALATHRabcpp,0.0,0.0
ALATHRtex,0.0,0.0
ALATRPabcpp,0.0,0.0
ALATRPtex,0.0,0.0
ALAabc,0.0,0.0
ALAabcpp,0.0,1.375000000054321
ALAt2r,0.0,0.0
ALAt4,0.0,0.0
ALAt4pp,0.0,5.500000000601531
ALAtpp,0.0,5.500000000478146
ALCD19,-1000.0,1000.0
ALCD19y,-1000.0,999.9999999999999
ALCD2ir,-1000.0,1000.0
ALCD2x,-1000.0,1000.0
ALCD2y,-1000.0,1000.0
ALCD4,0.0,0.0
ALCDpp,0.0,1.0999999997894188
ALDD1,0.0,1.3749999999126468
ALDD19xr,0.0,0.0
ALDD20x,0.0,0.0
ALDD20y,0.0,0.0
ALDD2x,0.0,0.5384565187483248
ALDD2y,0.0,0.5384565187555761
ALDD3,0.0,0.3437499999919443
ALDD31,0.0,0.0
ALDD31_1,0.0,0.0
ALDD3y,0.0,0.3437499999870115
ALDD4,0.0,1.374999999937106
ALDD4x,0.0,0.1617647058752633
ALDD5,0.0,0.0
ALDD6,0.0,0.0
ALDH_1,-0.1617647058357381,4.591769374109645e-16
ALLTAMH,0.0,0.0
ALLTN,0.0,0.0
ALPHNH,0.0,0.13750000001277476
ALR2,0.0,0.6874999999131814
ALR3,0.0,0.6874999998171475
ALR4x,0.0,0.3437499999085972
AM3PA,0.0,0.14864864865446745
AM4PA,0.0,0.16666666663716442
AMANAPEr,0.0,0.0
AMID2,0.0,0.07638888887593272
AMMQLT8,0.0,1.0041020969029292e-05
AMMQT8_2,0.0,1.0041020969342356e-05
AMPMS2,0.0,1.0633319941363055e-05
AMPTASEAH,0.0,0.0
AMPTASEAL,0.0,0.0
AMPTASEAT,0.0,0.0
AMPTASEATRP,0.0,0.0
AMPTASECG,0.0,0.6875000000366394
AMPTASEGGLN,0.0,0.0
AMPTASEGGLU,0.0,0.0
AMPTASEGM,0.0,0.0
AMPTASEGS,0.0,0.0
AMPTASEHG,0.0,0.0
AMPTASEHH,0.0,0.0
AMPTASEPG,0.0,0.0
ANDO1,0.0,0.10367925156473191
ANHGMtex,0.0,0.0
ANHMK,0.0,0.1666666666367376
ANPRT,0.0032815268822022152,0.003646140980103402
ANS,0.0,0.10006008309327097
ANS2,0.0,0.10696077846158743
ANSN,0.0,0.10696077846003506
APAT_1,-1000.0,1000.0000000000005
APATr,-1000.0,999.9999731691131
APCt6,0.0,5.4999999992132516
APCtex,0.0,5.499999999147133
APG3PAT160,0.0,0.23538742565072962
APG3PAT181,0.0008130795527157718,0.2299797462103312
APH140,0.0,1.3750240813288925
APPAT,0.0,0.6875233418936468
APPLDHr,-0.3055555555525884,0.0
APRAUR,2.0273843292108338e-05,2.252649223536839e-05
APSR,0.0,0.1964285715677046
APSR2,0.0,0.1964285714205419
APTNAT,0.0,0.12792804068979635
ARABR,0.0,0.0
ARABRr,0.0,0.0
ARBT6Pt,0.0,0.0
ARBTpts,0.0,0.0
ARBabcpp,0.0,1.1000000000045493
ARBt2r,0.0,0.0
ARBt3ipp,0.0,1.100000000126239
ARGR,0.0,0.15277777779531346
ARGSL,0.010366032117286325,0.1631438098981547
ARGSS,0.010366032117286327,0.16314380989815472
ARGabc,0.0,0.0
ARGabcpp,0.0,1.100000000022285
ARGt3pp,0.0,1.0999999999655152
AROH,0.0,0.0856652473918099
ASAD,-0.7895784834080618,-0.041812191037448584
ASCBPL,0.0,0.0
ASCBpts,0.0,0.0
ASNS1,0.010251000664682323,0.011390000738478201
ASNabc,0.0,0.0
ASO3tex_1,0.0,0.0
ASO4rt2rpp,0.0,0.0
ASO4tex,0.0,0.0
ASPA2,0.0,1000.0
ASPCT,0.0018794932010712687,0.0020883257788892186
ASPK,0.04181219103722295,0.7895784835412462
ASPO5,0.0,0.09494029701114164
ASPO6,0.0,0.09177562044688682
ASPTA,-1000.0,999.9183663929759
ASPTA6,-999.9183663929753,1000.0
ASPabc,0.0,0.0
ASPabcpp,0.0,0.0
ASPtex,0.0,0.0
ASR,0.0,0.0
ATHRDHr,-0.540856826025392,0.0
ATPHs,0.0,0.687499999961598
ATPPRT,0.003789913826736681,0.004211015363008864
ATPS4rpp,23.099468557047395,24.97027695146109
BCT1_syn,0.0,0.0
BDH,0.0,1.3749999999125349
BETALDHx,0.0,0.0
BETALDHy,0.0,0.0
BHBtpp,0.0,0.0
BNOCA,0.0,1.3749999999400455
BPNT,0.0,0.6874999999249043
BSCT,-2.00820419385146e-05,-1.807383774477842e-05
BTS3r,0.0,0.0
BTS4,0.0,0.0
BUP,0.0,0.0
BUTCT,0.0,1.3749999999279987
BZDH,1.807383774478406e-05,2.008204193842335e-05
BZt,0.0,0.0
CA2abc,0.0002006763329868671,0.6877006762916729
CA2abc1,0.0,0.6874999999529854
CA2abcpp,0.0,1.0999999999247752
CA2t3pp,0.0,1.0999999998789363
CARNabcpp,0.0,0.0
CARNtex,0.0,0.0
CAT,0.0,0.6875417330034321
CATDOX,0.0,0.0859374999978371
CBPAH,0.0,0.0
CBPS,0.012245525318339901,0.16502330309600183
CCPpp,0.0,0.0
CD2abc1,0.0,1.37499999993753
CD2abcpp,0.0,1.3749999999130216
CD2t3pp,0.0,5.499999999652086
CD2t4,0.0,0.008361063604387898
CD2t4pp,0.0,2.7499999999110765
CD2t5,0.0,5.4999999996058975
CD2t6,0.0,5.499999999554161
CD2tex,0.0,5.50752495679817
CD2tpp,0.0,5.507524956798163
CDGUNPD,0.0,0.687499999944272
CDPMEK,0.0001717014585751263,0.033810845186407826
CELBt2,0.0,0.0
CEPA,0.0,0.0
CGLYabcpp,0.0,0.3235294117370021
CHLabc,0.0,0.0
CHLabcpp,0.0,1.0999999999139256
CHLt3pp,0.0,1.0999999998837757
CHOLD,0.0,0.0
CHOLSH,0.0,0.0
CHOLSabc_1,0.0,0.0
CHORM,0.015742496791005818,0.09213138567182455
CHORS,0.019059638279622808,0.12273888987054284
CHTBSptspp,0.0,0.0
CHTBStex,0.0,0.0
CINNMCOAH,0.0,0.0
CINNMtex,0.0,0.0
CINNMtpp,0.0,0.0
CITL,0.0,1.4711724684152232
CITt3pp,0.0,5.499999999971116
CITt4pp_1,0.0,2.7500000000322324
CITtupp,0.0,5.49999999988365
CLPNH120pp,0.0,0.2391304347854095
CLPNH140pp,0.0,0.23913043477309073
CLPNH141pp,0.0,0.23913043477094395
CLPNH160pp,0.0,0.28947368419667857
CLPNH161pp,0.0,0.23913043477491047
CLPNH180pp,0.0,0.23913043477196372
CLPNH181pp,0.0,0.28947368422226794
CLPNS120pp,0.0,0.2391304347724226
CLPNS140pp,0.0,0.23913043479289636
CLPNS141pp,0.0,0.2391304347929299
CLPNS160pp,0.00011930353883555225,0.28959298775678927
CLPNS161pp,9.280064671646318e-05,0.23922323542431145
CLPNS180pp,0.0,0.23913043477261428
CLPNS181pp,4.781867385389807e-05,0.2895215028861718
CLt3_2pp,-5.4999999983407575,0.0
CLtipp,0.0,10.999999999531456
CMCBTFL,0.0,0.0045218598937786575
CMCBTFU,0.0,0.0045218598939414855
CMCMSAD,0.0,0.0
CMHMI,0.0,0.0
CMLDC,0.0,0.0
CMt2ex,0.0,5.5000000002391465
CMt2ppi,0.0,5.499999999803093
CMtex,0.0,5.499999999803093
CMtexabc,0.0,1.3749999999508407
CMtpp,0.0,5.4999999997578835
CO23OC,0.0,0.10367925158804302
CO2tex,1.9356886832243239,2.150765203530641
CO2tpp,1.9356886832311595,2.1507652035307223
COAt,0.0,0.0
COBALT2abcpp,0.0,1.3750000000063096
COBALT2t3pp,0.0,5.500000000134441
COBALT2tpp,0.0,5.500000000196492
COBALTt4pp,0.0,2.750000000098246
COCO2,0.0,0.0
COabc,9.725831970284353e-07,1.0806479966965056e-06
COt_1,0.0,0.0
CPK1,-999.8346741386154,1000.0
CPPPGO,1.8073837744778426e-05,0.003971781284915569
CPPPGO2,0.0,0.0
CRNDH,0.0,0.0
CRNDabcpp,0.0,0.0
CRNDt2rpp,0.0,0.0
CRNabc,0.0,0.0
CRNabcpp,0.0,0.0
CRNt2rpp,0.0,0.0
CRNt8pp,0.0,0.0
CRNtex,0.0,0.0
CRO4abcpp,0.0,1.100000000212736
CRO4t3pp,0.0,1.099999999996328
CS,0.0,1.3749999999954305
CSND,0.0,0.0
CSNt2,0.0,0.0
CTBTabcpp,0.0,1.8333333333107946
CTBTt2rpp,-1.833333333470658,-6.20987775538495e-15
CTECOAI6,0.0,1000.0
CTECOAI7,-1000.0,0.2364194163249067
CTECOAI8,-0.1788495051088487,0.27688530666622413
CTI1,0.0,0.0
CTPS1,0.0,0.0011813523752218123
CTPS2,0.0,0.0011812508862905297
CU2abcpp,0.0,0.6875000000421514
CU2t4pp,0.0,0.9166666665685969
CU2tonex,0.0,0.61135404071446
CUabcpp,0.0,0.916894413117589
CYANST,0.0,0.0
CYANt2pp,0.0,0.0
CYANtex,0.0,0.0
CYNTAH_1,0.0,0.0
CYNTt2pp,0.0,0.0
CYNTtex,0.0,0.0
CYO4pp,0.0,1.0999999999635488
CYSDDS,0.0,0.6874999999771797
CYSDS,0.0,0.6875000000021549
CYSDSF,0.0,0.0
CYSS,0.0015514476825302772,0.6890514476664329
CYSTA,0.0,0.0
CYSTL,0.0,0.6874999999822754
CYSabc,0.0,0.0
CYSabc2pp,0.0,0.6874999999989416
CYSabcpp,0.0,1.375000000001117
CYStpp,0.0,1.3749999999997045
CYTBD,0.0,2.763974784276444
CYTBD2pp,0.0,2.7500361476746646
CYTBDpp,13.583035683672128,16.340753422578207
CYTCBB3pp,0.0,1.1000000000052652
CYTK1,-999.8346741386182,1000.0
CYTK2,-1000.0000000000001,1000.0
CYTK2_1,-1000.0,1000.0
Clt,0.000200676332986867,0.0002229737033187543
Cobalt2abcppI,0.0,1.1000000000055388
Cotpp,0.0,0.0
Cuabc,0.0,0.6877732958881578
Cut1,0.0,0.6875000000062922
DAAD,0.0,1000.0
DAAD11,0.0,0.0
DAAD12,0.0,0.0
DAAD2,0.0,0.15277777777174667
DAAD3,0.0,0.0
DAAD4,0.0,0.0
DAAD5,0.0,0.0
DAAD7,0.0,999.9999999999999
DAAD8,0.0,1000.0000000000001
DABAAT2,0.0,0.0
DADK,-1000.0,1000.0
DADNK,0.0,1.374999999903584
DAGK120,0.0,0.4583333333529269
DAGK140,0.0,0.4583333333616558
DAGK141,0.0,0.4583333333196788
DAGK160,0.0,0.45833333330480086
DAGK161,0.0,0.4583333333213149
DAGK180,0.0,0.4583333333097384
DAGK181,0.0,0.45833333328084874
DALAabcpp,0.0016015608554066998,0.24617595322975586
DALAt2r,0.0,0.0
DAPDC,0.010439139218613011,0.6808344075400159
DAPE,0.01268276708125778,0.6830780354569541
DARBt2rpp,0.0,2.750000000143144
DARBt3ipp,0.0,2.749999999748847
DASYN120,0.0,0.23913043476072887
DASYN140,0.0,0.23913043478113946
DASYN141,0.0,0.23913043478260657
DASYN160,0.14592128495100629,0.45237020020001584
DASYN161,0.0,0.2391304348053072
DASYN180,0.0,0.23913043477587595
DASYN181,0.0008130795527157718,0.29028676376088863
DATPHs,0.0,0.0
DB4PS,4.054768552079162e-05,4.5052983724752565e-05
DC6PH,0.0,0.0
DCAtex,0.0,0.0
DDCAtexi,0.0,0.0
DDGLK,0.0,0.0
DDPA,0.019059638279622728,0.12273888986846089
DDPGA,0.0,0.0
DESATPE160,0.003047994690887364,0.1629902295082633
DESATPG160,0.000519683621612194,0.1957011237191321
DEXTRINt2,0.0,0.0
DGK1,0.0,1.3749999999802769
DGNSK,0.0,1.375000000008372
DGTUP,0.0,1.3750000000663207
DGUNC,0.0,0.6874999999577001
DHACOAH,0.0,0.07638888889075725
DHAD1,0.03616666369236212,0.26693374317906443
DHAD2,0.009931059455869388,0.27741696281977185
DHAPT,0.0,0.44403353425598396
DHDPRx_r,0.0,0.6830780354626508
DHDPRy,0.0,0.6830780354184993
DHDPS,0.012682767081257722,0.6830780354200983
DHEDAA,0.0,0.0
DHFR,0.0005778552585578505,0.000642061398471419
DHFS,3.614767548955502e-05,4.016408387728856e-05
DHGLYH,0.0,0.0
DHNAOT,1.8073837744778423e-05,2.00820419385733e-05
DHNCOAS,0.0,2.0082041938643288e-05
DHNCOAT,0.0,2.0082041938643058e-05
DHNPA2r,0.0,4.01640838772859e-05
DHNPA_1,0.0,4.016408387728497e-05
DHORDfum,0.0018794932012860491,0.0020883257787807116
DHORTS,-0.002088325779169772,-0.0018794932008858573
DHPDO,0.0,0.0
DHPM2,0.0,0.0
DHPPDA,0.0,2.2526491982132108e-05
DHPPDA2,0.0,2.2526491956043042e-05
DHPS2,0.0,4.016408387739822e-05
DHQS,0.019059638279622815,0.1227388898759252
DHQTi,0.0190596382796228,0.12273888986764184
DIPEPabc15,0.0,0.0
DKGLCNR1,0.0,0.0
DKGLCNR2x,0.0,0.0
DKGLCNR2y,0.0,0.0
DLCYSR,0.0,0.687499999999343
DLEUabcpp,0.0,0.0
DLEUtex,0.0,0.0
DLYSAD,0.0,1000.0
DLYSOXGAT,-1000.0000000000001,0.0
DMATT,2.7110756617167637e-05,0.004232003722570399
DMGDH2,0.0,0.0
DMPPS,0.0,0.033810845189361456
DNADDP,0.0,1.374999999997505
DNMPPA,3.614767548955417e-05,4.016408387673279e-05
DNTAep,0.0,0.0
DNTPPA,3.614767548955417e-05,4.016408387684451e-05
DOPDH,0.0,0.0
DORNabcpp,0.0,0.0
DORNtex,0.0,0.0
DPCOAK,2.334199672828307e-05,0.6875233419202049
DPR,2.6830887528014117e-05,2.98120982652924e-05
DRBK_1,0.0,0.0
DRIBabc,0.0,0.0
DRIBtex_1,0.0,0.0
DRPA,0.0,0.0
DSERDHr,-1000.0,0.0
DTARTD,0.0,0.0
DTMPK,0.0005417075830682955,1.3755417074560266
DTYRt2rpp,0.0,0.0
DTYRtex,0.0,0.0
DURAD2,0.0,0.0
DURIK1_1,0.0,1.3749999998221087
DURIPP_1,0.0,0.0
DUTPDP,0.0,1.3749999998533171
DVALabcpp,0.0,0.0
DVALtex,0.0,0.0
DXPRIi,0.00017170145857539498,0.03381084517446522
DXPS,0.00019030836539495895,0.03382945210353625
DXYLUDtex,0.0,0.0
DXYLUDtpp,0.0,0.0
E4PD,9.03691887238921e-06,1.0041020969565337e-05
EAR140x,0.0,1.375024081317933
EAR140y,0.0,1.3750240815144084
ECOAH1,-1000.0,1000.0
ECOAH12,0.0,0.16176470588408418
ECOAH14,0.0,1000.0
ECOAH15,0.0,1000.0
ECOAH16,0.0,1000.0
ECOAH17,0.0,1000.0
ECOAH18,0.0,1000.0
ECOAH19,0.0,1000.0
ECOAH1_1,-999.9999999999966,1000.0
ECOAH2,-1000.0,1000.0
ECOAH20,0.0,1000.0
ECOAH21,0.0,1000.0
ECOAH22,0.0,1000.0
ECOAH23,0.0,1000.0
ECOAH24,0.0,0.0
ECOAH25,-0.171874999974064,0.0
ECOAH26,-1000.0,0.0
ECOAH27,-999.9999999999995,0.0
ECOAH28,-999.9999999999999,0.0
ECOAH3,-1000.0,1000.0
ECOAH31,-999.9999999999998,0.0
ECOAH32,0.0,0.0
ECOAH33,0.0,0.0
ECOAH34,0.0,0.0
ECOAH35,0.0,0.0
ECOAH36,-1000.0,0.0
ECOAH37,-999.9999999999993,0.0
ECOAH38,-999.9999999999999,0.0
ECOAH4,-1000.0,1000.0
ECOAH5,-1000.0,1000.0
ECOAH5_1,-999.9999999999999,999.9999999999998
ECOAH6,-1000.0,1000.0
ECOAH7,-0.6641730094000641,1000.0
ECOAH8,-0.2763406147865148,1.3825191967449209
ECOAH9ir,0.0,0.2674859033311107
EDA,0.0,0.6875000001069563
EDD,0.0,0.6875000001650647
EHGLAT,0.0,0.0
ENO,-0.9924966576144005,0.7118917701792631
ETHAAL,-3.498894329448364e-16,0.3156247715903497
ETOHtrpp,-1.099999999868318,0.0
FACOAE100,0.0,0.45834136040431106
FACOAE120,0.0,0.6875120406877758
FACOAE140,0.0,1.3750240814387151
FACOAE141,0.0,0.4583333331819816
FACOAE160,0.0,1.3750000003588505
FACOAE161,0.0,1.5380258754868177
FACOAE180,0.0,1.3752907199751332
FACOAE181,0.0,1.381974505187527
FACOAE1829Z12Z,0.00023921303594044165,1.3752392129874236
FACOAE50,0.0,1.3750000000667366
FACOAE60,0.0,1.3749999999388627
FACOAE70,0.0,1.3749999998751379
FACOAE80,0.0,0.34375602045924397
FACOAE90,0.0,1.3750000006535552
FACOAL100t2pp,0.0,0.0
FACOAL120t2pp,0.0,0.4583333336085222
FACOAL140,0.0,1.3750000004365286
FACOAL140t2pp,0.0,0.4583333333593615
FACOAL141t2pp,0.0,0.45833333338809984
FACOAL160,0.0,1.4123245539461995
FACOAL160t2pp,0.0,0.42939916832634833
FACOAL161,0.0,1.3750000003737655
FACOAL161t2pp,0.0,0.195181440110974
FACOAL180t2pp,0.0,0.45833333348035743
FACOAL181,0.0,1.375000000116792
FACOAL1812,0.0,1.3750000004560154
FACOAL181d11tpp,0.0,0.17187500004644862
FACOAL181d6t2pp,0.0,0.0
FACOAL181t2pp,0.0,0.45833333347745314
FACOAL1821,0.0,1.375000000570688
FACOAL182t2pp,0.0,0.0
FACOAL50i,0.0,1.3750000003351368
FACOAL50t2pp,0.0,0.0
FACOAL60t2pp,0.0,0.0
FACOAL70t2pp,0.0,0.0
FACOAL80t2pp,0.0,0.0
FACOAL90i,0.0,1.3750000004825202
FACOAL90t2pp,0.0,0.0
FACOALP100t2pp,0.0,0.0
FACOALP50t2pp,0.0,0.0
FACOALP60t2pp,0.0,0.0
FACOALP70t2pp,0.0,0.0
FACOALP80t2pp,0.0,0.0
FACOALP90t2pp,0.0,0.0
FACOALT60t2pp,0.0,0.0
FACOAL_70_c,0.0,1.3750000003419693
FADMQOR,0.0,1.3750000005873606
FADRx2,0.0,1000.0
FALDep,0.0,0.0
FAO3,0.0,1.3750000001559612
FAS100,0.0,0.34375602036694064
FAS120,0.0,0.45834136046699037
FAS140,0.0,0.6875120404198302
FAS160,0.0,0.6874999999280375
FAS161,0.0,0.30760517508798374
FAS180,0.0,0.0
FAS181,0.0,0.2838598117906145
FAS80_L,0.0,0.19643201162930643
FBA,-1000.0,0.0
FBA2,0.0,0.0
FBA3,-1.9481323984910837,998.7854653244099
FBP,0.0,1000.0
FCLPA,0.0,0.0
FCLT,1.8073837744778423e-05,0.003971781285973749
FDH,0.0,0.34378354587894155
FDMO2,0.0,0.0
FDMO3_1,0.0,0.0
FDMO4_1,0.0,0.0
FDMO5,0.0,0.0
FE2abc,0.0,0.004540701931007694
FE2abcpp,0.0,1.1000000001088737
FE2t2pp,0.0,2.7500000004257994
FE2t3pp,0.0,2.7500000003052802
FE2t4pp,0.0,1.8333333335368531
FE3DCITCH,0.0,1.8333333338732978
FE3DCITR3,0.0,0.9166666668745851
FE3DCITabcpp,0.0,0.0
FE3DCITtonex,0.0,0.0
FE3PYOVD2tonex,0.0,0.0045051012755218155
FE3PYOVDDR2,0.0,0.0022525506377776166
FE3PYOVDL2,0.0,0.004505101275555234
FE3abc,0.0,0.004508958725465062
FE3abcpp,0.0,0.611211449522904
FEENTER2tpp,0.0,0.0
FEENTERR3,0.0,0.0
FEENTERabcpp,0.0,0.0
FEENTERtex,0.0,0.0
FEENTERtonex,0.0,0.0
FEENTERtpp,0.0,0.0
FEROc,0.0,0.4584085871648256
FEROpp,0.0,0.15280286235436039
FFSD_2,0.0,0.0
FLDR,0.0,0.0030485623525912512
FLVR,2.2000050156180107e-06,2.444450017365422e-06
FMNAT,9.036918140141634e-06,1.0041021222143567e-05
FMNRx2,0.0,0.9166666668979411
FMNRy,0.0,0.0
FNOR,-0.27508585059805585,0.2749141493582268
FOAMtex,0.0,0.0
FOAMtrpp,0.0,0.0
FOLD3,0.0,4.016408397679892e-05
FOLR2,0.0,0.0
FOLt,0.0,0.0
FOMETRi,0.0,1000.0
FORAMD,0.0,0.0
FORCT,1.8073837744778416e-05,1.3750180738367157
FORt,-5.499999999322176,0.0
FORt2,2.6367949991292284e-13,5.500000000668833
FRD,0.0,1.3750000001193758
FRD3,0.0,2.7500271115443975
FRDx,0.0,1.3750000004349228
FRUpts,0.0,0.0
FRUpts2pp,0.0,0.0
FRUptspp,0.0,0.0
FRUtex,0.0,0.0
FTHFD,0.0,1.3750000001185323
FTHFLi,0.0,1.3751341832456507
FUCpts,0.0,0.0
FUM,-0.014541380233574262,0.7981868108226289
FUMAC,0.0,0.06547619049001904
G1PACT,0.006064137282072048,0.006737930313790737
G1SAT,0.0,0.7810985316508816
G2PP,0.0,0.0
G3PD1ir,-999.9914137923914,1000.0
G3PD2,-1000.0,999.991413792391
G3PD4,0.0,0.0
G3PD5,0.0,1.3749999998654356
G3PD6,0.0,1.3750000001389386
G3PEabcpp,0.0,0.13258384338493212
G3PGabcpp,0.0,0.17187500003339692
G5SD,0.0,1.3984304918099961
G6PBDH,0.0,1000.0
G6PDH2r,-1000.0,0.6875000000026913
G6PI,-1000.0,1000.0
G6PI3,-1000.0,999.9688628891247
GAD2ktpp,0.0,0.0
GAL6PI,0.0,0.0
GALCTD,0.0,0.0
GALTpts,0.0,0.0
GALURDH,0.0,0.0
GALURt2r,0.0,0.0
GALUi,0.015438186864711984,1.4058763738372693
GALabc,0.0,1.374999999883806
GALpts,-1.3749999999053573,-8.914895150921922e-15
GALt2_3,0.0,0.0
GALt2pp,0.0,0.0
GAMpts,0.0,0.0
GAPD,-4.560553960091169,-3.032753807904559
GARFT,0.0024459678513033692,0.002717742059046766
GBDM,0.0,0.0
GCALDD,3.6147675489561385e-05,5.0797305610824646e-05
GCCa,0.0,1000.0000000000001
GCCa_1,0.0,1000.0000000000001
GCCb,0.0,1000.0
GCCb_1,0.0,1000.0
GCCc,0.0,1000.0
GCCc_1,0.0,1000.0
GCDH,-1000.0,0.18389655855390669
GCVHADPr,0.0,0.4583333336118366
GCVHRADPr,0.0,0.4583333334467037
GDBTALDH,0.0,0.15277777781543664
GDOCBIK,-1000.0,0.0
GDPDPK,0.0,1.3750000001753875
GDPMNP,0.0,1.3749999998830735
GDPTPDP,0.0,1.3750000000566185
GF6PTA,0.006064137282072048,0.006737930313468839
GG15DAPAH,0.0,0.12792804073192665
GG15DAPDxr,0.0,0.1279280407487906
GG15DAPO,0.0,0.12792804074879058
GG15DAPS,0.0,0.1279280407487906
GGDAPAH,0.0,0.0
GGDAPDxr,0.0,0.0
GGDAPO,0.0,0.0
GGDAPS,0.0,0.0
GGGABADr,-1000.0,1000.0
GGGABADxr,-1000.0,1000.0
GGGABAH,2.1381339512803046e-13,0.18333333338285024
GGLUCT2,0.0,0.4583333334522658
GGPTRCO,0.0,0.18333333337164473
GGPTRCS,0.0,0.18333333334395094
GGSPMDO,0.0,0.0
GGSPMDS,0.0,0.0
GHMT2r,-0.37349907570356006,1000.0
GK1,-999.9982984689673,1000.0
GK2,-999.9982984689672,1000.0
GLCAt2,0.0,0.0
GLCDpp,0.0,0.0
GLCOAS,0.0,0.12792804073433658
GLCOASYNT,0.0,0.1838965585621868
GLCP3,0.0,0.6875000001366225
GLCRAL,0.0,0.0
GLCRt1,0.0,0.0
GLCURDH,0.0,0.0
GLCURt2r,0.0,0.0
GLCURt2rpp,0.0,0.0
GLCURtex,0.0,0.0
GLCabc,0.0,0.0
GLCabcpp,0.0,0.0
GLCpts,0.0,0.0
GLCptspp,0.0,0.0
GLCt2pp,0.0,0.0
GLGC,0.0,1.3749999997319748
GLNS,0.0,1.4234358365355968
GLNS_1,0.0,1.423435836951507
GLNabc,0.0,0.0
GLNabcpp,0.0,0.0
GLNtex,0.0,0.0
GLTPD,0.0,0.0
GLU5K,0.0,1.398430492122648
GLUCYS,0.0,0.687500000026183
GLUDxi,-1000.0,1000.0
GLUKA_1,0.0,1.3750000004147158
GLUN,0.0,1.3750000002973108
GLUPRT,0.002445967854007283,0.0027177420558902017
GLUR,-1000.0,999.995028722037
GLUSfx,0.0,0.0
GLUSx,0.0,1.3749999993429987
GLUSy,0.0,1.375000000006076
GLUTCOADHc,0.0,1000.0
GLUTRR,0.0,0.7810985313918895
GLUTRS,0.0,0.7810985313523232
GLUTRS_3,0.0,0.7810985313523232
GLUabc,0.0,0.0
GLUabcpp,0.0,0.27499999998059194
GLUt2rpp,0.0,0.3235294116744206
GLUt4pp,0.0,0.32352941167445165
GLXCL,0.0,1000.0
GLXO1,0.0,1.3749999994449358
GLXO3r,0.0,0.5499999998049514
GLYALDDr,0.0,0.3706151820794802
GLYBACT1r,0.0,0.0
GLYBCOAT,0.0,0.0
GLYBabc,0.0,0.0
GLYBabcpp,0.0,1.1000000000780645
GLYBt2pp,0.0,2.7500000003113936
GLYBt3pp,0.0,2.750000000206217
GLYC2Pabcpp,0.0,0.0
GLYC2Ptex,0.0,0.0
GLYC3Pabc,0.0,0.0
GLYC3Pabcpp,0.0,0.2291666666838545
GLYCDx,0.0,0.444033534257622
GLYCL,0.0,1000.0
GLYCLTDx,0.0,1.3749999997180733
GLYCLTDy,0.0,1.374999999451637
GLYCLTt4pp,0.0,0.0
GLYCLTtex,0.0,0.0
GLYCL_2,0.0,1000.0
GLYCTO1,0.0,0.9166877526401167
GLYCTO2,0.0,1.3750316290225186
GLYCTO3,0.0,1.3750316290230573
GLYCTO4,0.0,1.3750361474630468
GLYCtpp,-0.2897336069952886,-0.0002599228594058493
GLYGLNabcpp,0.0,0.0
GLYGLNtex,0.0,0.0
GLYGLUabcpp,0.0,0.0
GLYGLUtex,0.0,0.0
GLYGLYCNc,0.0,0.0
GLYGLYabcpp,0.0,0.0
GLYGLYtex,0.0,0.0
GLYK,0.0,0.4440335341723214
GLYK1,0.0,0.44403353423225134
GLYMETabcpp,0.0,0.0
GLYMETtex,0.0,0.0
GLYOX,0.0,0.6875000000034833
GLYOX_1,-0.6874999998178966,1000.0
GLYPHEHYc,0.0,0.0
GLYPHEabcpp,0.0,0.0
GLYPHEtex,0.0,0.0
GLYSERabcpp,0.0,0.0
GLYSERtex,0.0,0.0
GLYTA,0.0,1000.0
GLYabc,0.0,0.0
GLYabcpp,0.0,1.374999999516869
GLYt4pp,0.0,5.49999999786575
GLYtpp,0.0,5.499999999075932
GMPS,0.0,0.689201530918397
GMPS2,0.0,0.4594676871855397
GND,0.0,0.4583333330997084
GNK_1,0.0,0.0
GOX,0.0,0.9166666662634967
GPDDA2,2.705395565387659e-16,0.3156247714495713
GPDDA4,-1.4780235817884418e-17,0.42939916820452867
GRTT,2.7110756568777296e-05,0.004232003722846842
GRXR,0.0,0.19917227749929486
GSNK,0.0,1.3749999997905589
GTHOr,0.0,0.5527770924367433
GTHPi,0.0,0.5500333864645226
GTHRDH_syn,0.0,0.6875000000413879
GTHRDHpp,0.0,0.32352941162776416
GTHRDabc2pp,0.0,0.6874999996720927
GTHRDabcpp,0.0,0.6874999993071244
GTHRDt2_1,0.0,0.0
GTHS,0.0,0.6874999993074954
GTMLT,0.0,0.45833333313944913
GTPCI,3.6147675489560694e-05,4.016408387541426e-05
GTPCII,0.0,2.2526492588172912e-05
GTPCII2,0.0,2.252649258872224e-05
GTPDPK,0.0,1.3750000000088651
GTPHs,0.0,0.6874999993481057
GUACYC,0.0,1.374999999487506
GUAPRT,0.0,0.0
GUAt2pp,0.0,0.0
GUAtex,0.0,0.0
GUDBUTNAH,0.0,0.15277777766125739
GUI1,0.0,0.0
H2ASE_syn,-1000.0,-17.750000001042963
H2CO3D,-999.9877532184282,1000.0
H2CO3D2,-1000.0000000000001,999.9877532184287
H2O2tex,0.0,0.0
H2Ot,-1000.0,981.4626555975794
H2Otex,-1000.0,981.5733668252359
H2Otpp,-1000.0,981.462655597786
H2St1,0.0,0.0
H2tex,19.583333333383937,20.499999999999947
H2tpp,19.583333333374963,20.5
HACD1,-1000.0,1000.0
HACD10i,0.0,1000.0
HACD11i,0.0,1000.0
HACD12i,0.0,1000.0
HACD13i,0.0,1000.0
HACD14i,0.0,1000.0
HACD15i,0.0,1000.0
HACD16i,0.0,1000.0
HACD17i,0.0,1000.0
HACD18i,0.0,1000.0
HACD19i,0.0,1000.0
HACD1_1,-1000.0,1000.0
HACD1i,0.0,1000.0
HACD2,-1000.0,1000.0
HACD20i,0.0,0.17187500005646472
HACD21i,0.0,1000.0
HACD22i,0.0,1000.0
HACD23i,0.0,1000.0
HACD26i,0.0,1000.0
HACD27i,0.0,0.0
HACD28i,0.0,0.0
HACD29i,0.0,0.0
HACD2i,0.0,1000.0
HACD3,-1000.0,1000.0
HACD30i,0.0,0.0
HACD31i,0.0,1000.0
HACD32i,0.0,1000.0
HACD33i,0.0,1000.0
HACD3i,0.0,1000.0
HACD4,-1000.0,1000.0
HACD4i,0.0,1000.0
HACD5,-1000.0,1000.0
HACD5i,0.0,1000.0
HACD6,-1000.0,1000.0
HACD6i,0.0,1000.0
HACD7,-0.6641730092912657,1000.0
HACD7i,0.0,1000.0
HACD8,-0.27634061497113926,1000.0
HACD8i,0.0,1000.0
HACD9,0.0,0.2674859028900389
HACOADr,0.0,0.16176470592258596
HADPCOADH,0.0,982.2500000003276
HADPCOADH3,-982.2499999999397,0.07638888890217999
HAT40tex,0.0,0.0
HAT40tpp,0.0,0.0
HATBH,0.0,0.0
HBCH,0.0,1000.0000000000002
HBCHLR,-1000.0,1000.0000000000007
HBCO_nadp,-1000.0,1000.0
HBRCH,0.0,1.3749999997650295
HBZOPT,0.0,0.004204892967232206
HCITI,-0.6703952681728289,0.09377337868141974
HCITS,0.0,1000.0
HCO3E,-999.9877532184282,1000.0
HCO3abc,0.0,0.0
HCO3tex,0.0,0.0
HCYSMT,0.0,0.6875000000905612
HDCAtexi,0.0,0.0
HDCEAtexi,0.0,0.0
HDECH,-0.43790340784053494,-0.14592128494023301
HDH,0.0,0.004211015363097574
HEMEOS,9.03691887238921e-06,0.003962744366141219
HEMEti,0.0,0.0
HETZK,0.0,0.0
HEX1,0.0,1.375000000594683
HEX4,0.0,1.3750000004018097
HEX7_1,0.0,1.3750000002825085
HEXSabc,0.0,0.0
HG2abcpp,0.0,1.3750000003182485
HG2t3pp,0.0,5.5000000007079395
HG2tppi,0.0,5.500000001044372
HGNTOR,0.0,0.06547619049434684
HHDDI,0.0,0.0
HIBD,0.0,0.16176470593271033
HIBDkt,0.0,0.16176470592752157
HICITD,-0.6703952682416926,0.09377337866358149
HISGLYabcpp,0.0,0.0
HISGLYtex,0.0,0.0
HISHISabcpp,0.0,0.0
HISHIStex,0.0,0.0
HISTD,0.0,0.004211015363188205
HISTP,0.003789913826736681,0.004211015363081898
HISabc,0.0,0.0
HISabcpp,0.0,0.0
HIStex,0.0,0.0
HKtpp,0.0,1.3750000001342775
HMBS,2.7110756617167634e-05,0.003980818204761878
HMEDR,0.0,0.0
HMEDS,0.0,0.0
HMGCOAS,-1.374999999636714,0.0
HMGL,0.0,1.3750000005348113
HMGL_2,0.0,1.375000000152674
HMPK1,0.0,1.0633299383737276e-05
HMPSCD,0.0,0.0
HMR_0260,0.0,1.3750000002637124
HMSH,0.0,0.10367925162380451
HOPNTAL,0.0,0.10367925161811693
HPA3MO,0.0,0.0
HPACt2r,0.0,0.0
HPAtexi,0.0,0.0
HPHACA,0.0,0.06547619047959403
HPPK,0.0,4.016408387709734e-05
HPPK2,0.0,4.016408387720567e-05
HPROa,0.0,1000.0
HPROb,-1000.0,0.0
HPYRI,-1000.0,0.0
HPYRP,0.0,1.4660245946839643
HPYRRx,0.0,1000.0
HPYRRy,0.0,1000.0
HSDxi,0.0,1000.0
HSDy,-0.5699862499435029,999.9708705760438
HSERTA,0.005790828645239467,0.006434254050414603
HSK,0.023338595310948885,0.564195421310834
HSTPT,0.0,1000.0
HSTPTr,-999.9962100861733,0.004211015363050637
HVCD,0.0,0.0
HXAND,0.0,0.0
HXAtex,0.0,0.0
HXCT,0.0,1.3750000000492095
HXPRT,0.0,0.0
HYD1pp,0.0,2.750000001913696
HYD2,0.0,1.3819873924729167
HYD2pp,0.0,2.750000000721659
HYD3pp,0.0,2.750000000908682
HYPOE,0.0,1.375000000395384
ICDHyr,-0.47739609359091933,0.3081134882936787
ICITt4pp,0.0,0.0
ICITtex,0.0,0.0
ICITtupp,0.0,0.0
IDOND,0.0,0.0
IDPh_1,0.0,1.3750000005215601
IG3PS,0.0037899138268223114,0.004211015363180892
IGPDH,0.0,0.0042110153630546526
IGPDH_1,0.0,0.0042110153630546526
IGPS,0.003281526882202215,0.0036461409802367147
ILETA,-1000.0,999.9900689405441
ILETA2,-999.9900689405441,1000.0
ILEabc,0.0,0.0
ILEabcpp,0.0,0.0
ILEtex,0.0,0.0
IMPC,-0.006918124104519308,-0.006226311689506962
IMPD,0.0017015310351002914,0.001890590036566095
IND3ACtex,0.0,0.0
IND3ACtpp,0.0,0.0
INDOLEt2pp,-2.7499999990949653,0.0
INDOLEt5,2.5645852244741676e-13,2.7499999998700106
INDOLEt6,0.0,5.5000000042923425
INDOLEtex,0.0,5.500000001830218
INDPYRD,0.0,0.0
INS2D,2.6830885809438098e-05,0.2675127343190318
INSCR,2.6830888305220067e-05,0.2675127343931676
INSH,0.0,0.0
INSTt2,0.0,0.0
IPDDI,-0.029578841458211144,0.0042320037254150854
IPDPS,0.0,0.03381084519559857
IPMD,0.019489704182143606,0.2502567836873793
IPPMIa,-0.25025678369437415,-0.019489704182140993
IPPMIb,-0.2502567836049977,-0.019489704182143606
IPPS,0.019489704182143464,0.2502567836720793
IVCS,0.0,1000.0
K2L4Aabcpp,0.0007884407783910515,0.0008760453093290891
KARA1,-0.2669337431100204,-0.036166663692038324
KARA2,-999.9900689405442,0.27741696294173634
KARI_1,0.0,1000.0
KARI_23dhmp_1,0.0,1000.0
KAS13,0.0,0.15281007999180765
KAS17,0.0,0.15355272274444193
KAS2,0.0,0.19643201145806713
KAS7,0.0,0.19225323432620767
KAS8,0.0,0.17187500000222103
KAT16,0.0,0.0
KAT17,0.0,0.0
KAT19,0.0,0.0
KAT20,0.0,0.1718749999711337
KAT21,0.0,1000.0
KAT27,0.0,0.0
KAT28,0.0,0.0
KAT29,0.0,0.0
KAT30,0.0,0.0
KDOCT2,0.0015768815567821033,0.0017520906186416726
KDOPP,0.0015768815567821033,0.0017520906186379768
KDOPS,0.0015768815567821033,0.0017520906186379768
KG6PDC,0.0,0.0
Kabc,0.0,0.008357252212558997
Kabcpp,0.0,1.100000000024793
Kt2pp,0.0,2.74999999905019
Kt3pp,0.0,2.750000000203713
LACZpp,0.0,0.0
LADGMDH,0.0,0.14864864865961167
LALALGLUtex,0.0,0.0
LALDO2x,0.0,0.3437499999718744
LALGP,0.0,0.14864864866212224
LASP2OA,-0.0856652473820304,-1.2265018776293917e-13
LAT,1.807795117944316e-13,0.6703952682000203
LCADi,0.0,0.687499999922147
LCARS,-0.6874999996254655,0.0
LCTSabc,0.0,0.0
LCTSt3ipp,0.0,0.0
LCYSTabc,0.0,0.0
LDGUNPD,0.0,0.687499999939515
LDH_D,-1.3749999995316402,0.6875000000177076
LDH_D2,0.0,1.3750000001456992
LDH_L,-1.3749999997793398,0.6874999998833703
LEULEULAPc,0.0,0.0
LEULEUabcpp,0.0,0.0
LEULEUtex,0.0,0.0
LEUTA,-0.021655226868376197,-0.01948970418214361
LEUabc,0.0,0.0
LEUabcpp,0.0,1.3768773706565693
LEUt4rpp,-1.3768773696765269,1.2977303220820238e-12
LEVUACOAL,0.0,0.0
LGTHL,0.0,1000.0
LNLCtexi,0.0,0.0
LPADSS,0.0007884407783910515,0.0008760453093134485
LPLIPAL1A181pp,0.0,0.22916666663136723
LPLIPAL1E181d11pp,0.0,0.1325838434286449
LPLIPAL1G181d11pp,0.0,0.17187499999460376
LPLIPAL2E160,0.0,0.31562477155491375
LPLIPAL2E161,0.0,0.1599422348004596
LPLIPAL2E181,0.0,0.1620469197038595
LPLIPAL2G160,-1.1960277526231174e-15,0.4293991682218672
LPLIPAL2G161,0.0,0.19518144009660557
LPLIPAL2G181,0.0,0.22916666663507215
LSERDHr,-3.791776694658559e-13,1000.0
LYSDC,0.0,0.12792804075485195
LYSabc,0.0,0.0
LYSabcpp,0.0,1.1000000001397272
LYSt3pp,0.0,1.0999999986010918
L_LACD2,0.0,1.3749999982524517
L_LACD3,0.0,1.3750000001884162
M1PD,0.0,0.0
MACACI,0.0,0.06547619047420236
MACCOAT,0.0,0.26748590329602373
MAK,0.0,1.37499999962062
MAL6PG,0.0,0.0
MALEI,0.0,0.09482758618301097
MALS,0.0,0.7624472505730889
MALT,0.0,0.7029381869078561
MALTHPabc,0.0,0.0
MALTHXabc,0.0,0.0
MALTHXabcpp,0.0,0.0
MALTHXtexi,0.0,0.0
MALTT,0.0,0.6874999997979448
MALTTRabc,0.0,0.0
MALTTTRabc,0.0,0.0
MALTabc,0.0,0.0
MALTabcpp,0.0,0.0
MALTpts,0.0,0.0
MALTptspp,0.0,0.0
MALTt2,0.0,0.0
MALTtexi,0.0,0.0
MAN1PT,0.0,1.3751949261914214
MAN1PT2,0.0,1.375194926020419
MAN6PI,-0.0002165851131360505,-0.00019492660182706566
MANAO,0.0,0.0
MANpts,0.0,0.0
MANptspp,0.0,0.0
MANt2,0.0,0.0
MANtex,0.0,0.0
MB2CFO,0.0,0.2674859033397856
MBCOAi,0.0,0.2307670794128752
MCCC,0.0,0.23076707957117787
MCD,0.0,1.3750000003221894
MCITD,-1.9657759784109605e-13,0.6874999996496353
MCITL2,-1.9657759784109607e-13,0.6875000001519319
MCITS,-1.9657759784109605e-13,0.6875000001519317
MCPST,0.0,0.0
MCSNAH,0.0,0.0
MCSNtex,0.0,0.0
MCSNtpp,0.0,0.0
MCTP1App,0.0005875618239045154,0.08441423800130539
MCTP1Bpp,0.0,0.0786259336976271
MCTP2App,2.7272853816672372e-05,0.055907319168929305
MDDCP1pp,0.0,0.08382006945952054
MDDCP2pp,2.7272853816672358e-05,0.055907319159570305
MDDCP3pp,0.0,0.08359929307379595
MDDCP4pp,0.0,0.08359929306513254
MDDCP5pp,0.0,0.07862593373563227
MDDEP1pp,0.0,0.08359929308694368
MDDEP2pp,0.0,0.07862593374296974
MDDEP3pp,0.0,0.0835992930889438
MDDEP4pp,0.0,0.0558800462898001
MDH,-1.3579117204773303,1.0694846401806937
MDNTHAep,0.0,0.0
ME1,0.0,1.3749999999082312
ME2,0.0,1.3749999999245917
MECDPDH2,0.0,0.5500000000292166
MECDPDH3_syn,0.0,0.5500000005287095
MECDPDH4E,-0.5498282985118622,0.03381084519343162
MECDPDH_syn,0.0,0.5499999998728003
MECDPS,0.00017170145857539496,0.03381084518398763
MELIBabc,0.0,1.0999999998776502
MELIBt3ipp,0.0,1.1000000000057086
MELIBtex,-1.0999999998709902,3.886652901017402e-13
MEPCT,0.00017170145857539498,0.0338108451885722
METAT,3.6147675489556845e-05,0.6875361475990485
METDabc,0.0,0.0
METOX1s,0.0,0.5500333859764539
METOX2s,0.0,0.5500333865973364
METS,0.005817939401856636,0.006464377113330485
METSOXR1,0.0,0.5500333864647254
METSOXR2,0.0,0.5500333865973364
METSR_R1,0.0,0.0
METSR_S1,0.0,0.0
METSRabc,0.0,0.0
METSabc,0.0,0.0
METabc,0.0,0.0
METabcpp,0.0,1.1000000002661536
METt3pp,0.0,1.1000000000773158
MG2tex,0.00033444704687815314,0.0003716078298672284
MG2tpp,0.0,0.000371607829864646
MG2uabcpp,0.0,0.00037159778705391736
MGCH,0.0,0.2307670794728492
MGSA,0.0,0.6874999999988008
MGt2pp,0.0,0.00037160531911103323
MI1PP,2.683088752836537e-05,0.2675127342375333
MI1PS,2.683088752837045e-05,0.26751273423732463
MICITDr,0.0,0.6874999999999202
MLDCP1App,2.45172014250918e-05,0.07865045095618885
MLDCP1Bpp,0.0,0.07056173542095899
MLDCP2App,0.0,0.07862593375467793
MLDCP2Bpp,0.0,0.06707317073160633
MLDCP3App,0.0,0.07432432432421844
MLDEP1pp,0.0,0.07432432432434684
MLDEP2pp,0.0,0.0786259337547859
MLTG1,0.0,0.0
MLTG2,0.0,0.0
MLTG3,0.0,0.0
MLTG4,0.0,0.0
MLTG5,0.0,0.0
MLTG6,0.0,0.0
MLTGY1pp,0.0,0.08333333333335155
MLTGY2pp,0.0,0.0785714285713477
MLTGY3pp,0.0,0.0743243243243409
MLTGY4pp,0.0,0.05588004631411741
MMCD,0.0,1.374999999999588
MME,0.0,0.6874999999996171
MMM,0.0,0.6875000000009973
MMM2,0.0,0.687500000000359
MMSAD1,0.0,0.16176470588258982
MMSAD3,0.0,0.2674859033499328
MMTSAO,0.0,0.1617647058823243
MN2t3pp,0.0,2.750000000001425
MNLpts,0.0,0.0
MNNH,0.0,0.0
MNabc,0.0,2.9627718029309512e-05
MNabc_1,0.0,1.100000000000557
MNt2,0.0,2.962776590947808e-05
MNt2pp,0.0,2.7500000000010827
MOAT,0.0007884407783910515,0.0008760453093234189
MOAT2,0.0007884407783910515,0.0008760453093234223
MOBDabc,0.0,0.6875002836702766
MOBDabc_rev,0.0,0.6875000000004189
MOBDabcpp,0.0,0.6875002836705179
MOBDtex,0.0,0.6875002836693513
MOHMT,2.683088752838366e-05,1.37502683088609
MOTH1,0.0,0.0
MOTS1,0.0,0.0
MPTG,0.0011081775044141497,0.08444151083774695
MPTG2,2.727285381667237e-05,0.05590731916792059
MSO3abc,0.0,0.0
MS_1,0.0,0.0
MTHFC,-1.366452866553701,0.35233905294083095
MTHFD,-1.366452866553672,0.35233905294105433
MTHFR2,0.005826976320729024,0.006474418134143805
MTI,0.0,1.390438186865161
MUCCYCI,0.0,0.08593750000002284
MUCCY_kt,0.0,0.0
MUCLI,0.0,0.08593750000019024
MXYLt5,0.0,5.500000000011855
MXYLt6,0.0,5.5000000000017435
M_XYLtpp,0.0,5.500000000001744
M_Xylt1,0.0,5.500000000001744
NACHY,0.0,0.09482758620692594
NACODA,0.0,1.3750000000009763
NADDP,0.0,0.6874999999998977
NADH10,0.0,1.3750000000002083
NADH5,13.595257195206818,16.345407702458655
NADH9,0.0,1.374999999999817
NADHHR,0.0,1.3749999999984783
NADHPO,0.0,0.5500333864650254
NADHXD,0.0,1.3750000000002922
NADHXE,-1.3750000000005054,1.9120487574025168e-16
NADK,1.81143620542884e-05,2.0127068942528768e-05
NADPHHR,0.0,1.3750000000005944
NADPHQR2,0.0,1.3750000000002431
NADPHXD,0.0,1.374999999997951
NADPHXE,0.0,1.375000000000575
NADS1,0.0,0.6875923548797079
NADS2,0.0,0.45839490325286214
NADTRHD,0.0,1000.0
NAMNPP,0.0,1.3749999999760711
NAPRT,-1.3750203559322818,0.4583129773925195
NARK,0.0,0.0
NAabc,0.0,0.687499999987366
NAabcO,0.0,0.6874999999880191
NAt3_2pp,0.0,2.7537547397464524
NAt3pp,0.0,5.507509479489238
NBAHH_ir,0.0,0.0
NCBMPTSabcpp,0.0,0.0
NCBMPTStex,0.0,0.0
NDPK1,-1000.0,1000.0
NDPK2,0.02284010976471455,1.4138200042919244
NDPK3,-1000.0,1000.0
NDPK4,0.0005417075830682956,1.3755417075890397
NDPK5,-999.9999999999997,1.375972804829991
NDPK6,-0.0006018973145175081,1.375000000029327
NDPK7,-1.4226166886606557e-13,1.3756280975447566
NDPK8,-1000.0,1000.0
NDPK9,-1000.0000000000001,1000.0
NFMLDF,0.0,0.09482758620734762
NH3c,-1.415001147154554,1.3867162161861966
NH4OHDs,0.0,0.0
NH4t,-999.6455153139553,1000.0
NH4t3pp,0.0,5.49999999997739
NH4tex,-999.6455153139553,1000.0
NH4tpp,-1000.0,1000.0
NH4tpp_1,0.0,5.500000000027974
NI2abcpp,0.0,1.3749999999588576
NI2t3pp,0.0,5.499999999972704
NI2t4pp,0.0,2.7499999999898863
NI2tpp,0.0,5.499999999909435
NI2uabcpp,0.0,1.0999999999761947
NITR,0.0,0.0
NMNDA,0.0,0.6874999999731171
NMNR,0.0,0.0
NMO,0.0,0.0
NNAM,0.0,0.45833333334208276
NNATr,9.235487942543128e-05,1.375092354874737
NNDPR,0.00011271081159275058,0.09494029701963892
NO3R2,0.0,0.0
NO3abc,0.0,0.0
NO3abcpp,0.0,0.0
NO3tex,0.0,0.0
NODOx,0.0,0.0
NODOy,0.0,0.0
NONAtexi,0.0,0.0
NOR_syn_1,0.0,0.0
NOVBCNtex,0.0,5.499999999876126
NOVBCNtpp,0.0,5.499999999994582
NOt,0.0,0.0
NPHS,0.0,2.0082041938640825e-05
NTD1,0.0,1.3750000000051383
NTD10,0.0,0.0
NTD12,0.0,0.0
NTD2,0.0,1.3749999999797649
NTD3,0.0,1.375000000022272
NTD4,0.0,1.3749999999529137
NTD5,0.0,1.374999999970571
NTD6,0.0,1.3749999999589861
NTD7,0.0,1.37500000002285
NTD8,0.0,1.3749999999639781
NTD9,0.0,1.375000000025666
NTP1,0.0,1.3749999999840419
NTP3,0.0,1.3749999999793017
NTP5,0.0,1.3750000000035973
NTPP1,0.0,1.3749999999934799
NTPP10,0.0,0.0
NTPP11,0.0,0.6874999999917992
NTPP2,0.0,1.3750000000358422
NTPP3,0.0,1.3750000000551854
NTPP4,0.0,1.3750000000607099
NTPP5,0.0,1.3749999999791913
NTPP6,0.0,1.3749999999839273
NTPP7,0.0,1.3749999999933396
NTPP8,0.0,1.3750000000091898
NTPP9,0.0,0.6875000000025344
NTPTP1,0.0,1.3750000000036278
NTR3B,0.0,0.0
NTRIR2x,0.0,0.0
NTRIR2y,0.0,0.0
NTRIRx,0.0,0.0
NTRIRy,0.0,0.0
O2tex,7.708279400203835,8.166612733509965
O2tpp,7.708279400227731,8.16661273351046
OAADC,0.0,1.3750000000025995
OARGDC,0.0,0.15277777777557078
OCBT,0.022082248277931177,1.3970822482322018
OCBT_1,-1.3867162159341324,-0.01171621616064495
OCDCAtexi,0.0,0.0
OCDCEAtexi,0.0,0.0
OCOAT1,0.0,1.3749999999822613
OCOAT2r,-1000.0,0.0
OCOAT4,0.0,0.0
OCTAtex,0.0,0.0
OCTDPS,1.8073837744761875e-05,0.004222966803968828
ODH2E,0.0,0.1838965585484038
OGDE1,0.0,0.18389655855126202
OHEDH,0.0,0.0
OHPBAT,9.036918872389211e-06,1.0041020969292015e-05
OIVD1r,1.2639255648861863e-13,0.23076707947187625
OIVD2,0.0,0.16176470588018763
OIVD2E,0.0,0.26748590334829486
OIVD3,0.0,0.21016749549015667
OMCDC,0.019489704182269998,0.2502567836533264
OMPDC,0.0018794932012550368,0.0020883257787168716
OP4ENH,0.0,0.10367925159544883
OPAH,0.0,0.4583333333269437
OPETDC,0.0,0.0
OPHBDC,0.0,0.004204892966293387
OPHHX,0.0,0.004204892966296878
OPTCCL,0.0,0.0
ORNCD_1,0.01171621616063793,1.3867162161398883
ORNDC,0.0013482434568806686,0.2688341468018829
ORNTA,-1.3984304914885024,1.3750000000081155
ORNTAC,-1.3749999997165705,1.3984304917740313
ORNabcpp,0.0,0.0
ORNtex,0.0,0.0
ORPT,-0.0020883257791052268,-0.0018794932008150144
OXCDC,1.807383774477828e-05,1.375018073876075
OXCOAHDH,0.0,0.0763888888897434
OXDHCOAT,0.0,0.07638888888623131
OXFOt4pp,0.0,0.0
OXGDC,0.0,0.32692721519526374
OXOADLR,0.0,0.1838965585532484
OXOAEL,0.0,0.08593749999862549
OXPTNDH,0.0,0.12792804073314396
P5CD,0.0,1.3749999999622526
P5CR,0.0,1000.0
P5CRx,0.0,1000.0
P9DH,1.807383774530998e-05,0.003971781285393954
PA120abcpp,0.0,0.4583333333169395
PA140abcpp,0.0,0.4583333333177269
PA141abcpp,0.0,0.458333333368308
PA160abcpp,0.0,0.45833333335735177
PA161abcpp,0.0,0.4583333333330308
PA180abcpp,0.0,0.45833333331968734
PA181abcpp,0.0,0.45833333336039295
PACALtabcpp,0.0,0.42307692310217493
PACCOAE,0.0,0.07638888888960403
PACCOAL,0.0,0.07638888888687353
PACPT_1,-1000.0,1000.0
PACt3,0.0,0.0
PALDH,0.0,0.0
PANTS,2.6830888487214823e-05,2.9812097739099537e-05
PAPA120pp,0.0,0.4583333333318649
PAPA140pp,0.0,0.4583333333125185
PAPA141pp,0.0,0.4583333333296711
PAPA160pp,0.0,0.45833333331007386
PAPA161pp,0.0,0.45833333331243464
PAPA180pp,0.0,0.45833333332206483
PAPA181pp,0.0,0.4583333333100709
PAPPT3,0.0022436278626449717,0.16891029452014342
PAPSR,0.0,0.1718749999885438
PAPSR2,0.0,0.1718749999912336
PBUTT,0.0,0.0
PC,0.0,0.0
PCADYOX,0.0,0.0
PCNO,-1000.0,1000.0
PDC,-0.31358362647503024,0.0
PDE1,0.0,1.3749999999441402
PDE4,0.0,1.3749999999792006
PDH,0.0,0.5134145582331594
PDHa,0.0,0.26399027327622604
PDHcr,0.0,0.3269272151680863
PDX5POi,9.03691887238921e-06,1.0041020969280031e-05
PDX5PS,9.03691887238921e-06,1.0041020969186813e-05
PE160abcpp,0.0017897151797318254,0.001988572421910427
PE161abcpp,0.000853441755392452,0.16079567655972307
PE181abcpp,0.0007174422050079756,0.16276436185867313
PEALtabc,0.0,0.4230769230215203
PEALtex,0.0,0.4230769230460587
PEAMNO,0.0,0.0
PEAMNtex,0.0,0.0
PEAOpp,0.0,0.42307692304605876
PEAtabcpp,0.0,0.0
PENTSOtex,0.0,0.0
PEPCK_re,0.0,1.374999999899682
PERD,9.036918872389211e-06,1.0041020969220107e-05
PFOR,0.0,0.0030472111364495567
PG120abcpp,0.0,0.4583333333132144
PG140abcpp,0.0,0.45833333330458076
PG141abcpp,0.0,0.4583333333142061
PG160abcpp,0.0,0.4444417355063098
PG161abcpp,0.0005196836216121939,0.19570112371484014
PG180abcpp,0.0,0.45833333335302
PG181abcpp,0.0,0.2895693215538942
PGAMT,-0.006737930313331005,-0.006064137282072048
PGCD,0.0,1.466024594288491
PGI,-1000.0,999.968862889123
PGI1c,0.0,1.374999999989614
PGK,3.03275380791808,4.560553960026661
PGL,0.0,0.6874999999292171
PGLYCP,0.0,0.0
PGM,-0.7118917701481675,0.9924966574801276
PGMT,-1.406110279869653,1.3593279067822384
PGP120abcpp,0.0,0.2391304347593037
PGP140abcpp,0.0,0.239130434769754
PGP141abcpp,0.0,0.2391304347549122
PGP160abcpp,0.0,0.36714752064064005
PGP161abcpp,0.0,0.23913043476174461
PGP180abcpp,0.0,0.23913043474102144
PGP181abcpp,0.0,0.23920943949997028
PGPP120pp,0.0,0.23913043475954862
PGPP140pp,0.0,0.2391304347352622
PGPP141pp,0.0,0.23913043473526263
PGPP160,0.0005196836216119268,0.44496141909812653
PGPP160pp,0.0,0.3671475206123434
PGPP161pp,0.0,0.23913043476483897
PGPP180pp,0.0,0.2391304347502561
PGPP181,0.0,0.2895693214999709
PGPP181pp,0.0,0.23920943953576643
PGSA120,0.0,0.23913043475954865
PGSA140,0.0,0.23913043473526227
PGSA141,0.0,0.23913043473526266
PGSA160,0.0011878077536329932,0.4449614190981265
PGSA161,0.0,0.2391304347634578
PGSA180,0.0,0.2391304347502562
PGSA181,9.563734770779614e-05,0.28956932149997083
PHCD,0.0,0.0
PHEDCAtexi,0.0,0.0
PHEHPAtexi,0.0,0.0
PHEHXAtexi,0.0,0.0
PHEME2abcpp,0.0,0.6874999999388834
PHEMEabcpp,0.0,0.6874999998716169
PHEMEtonex,0.0,0.0
PHENONAtexi,0.0,0.0
PHEOCTAtexi,0.0,0.0
PHEOR,0.0,0.07638888887467087
PHEPTtexi,0.0,0.0
PHER,0.0,999.9999999999999
PHET,0.0,1000.0
PHETA1,-1000.0,0.06549426430672156
PHEabc,0.0,0.0
PICH,0.0,0.0
PIuabcpp,0.0,0.5774604936323944
PLIPA1E160,0.0,0.3156247715264374
PLIPA1E161pp,0.0,0.1599422348030037
PLIPA1E181pp,0.0,0.16204691965997028
PLIPA1G120pp,0.0,0.4583333333326633
PLIPA1G140pp,0.0,0.45833333331000237
PLIPA1G141pp,0.0,0.4583333333182775
PLIPA1G160pp,0.0,0.429399168211514
PLIPA1G161pp,0.0,0.19518144008905458
PLIPA1G180pp,0.0,0.4583333332750957
PLIPA1G181pp,0.0,0.2291666666697061
PLIPA2A181pp,0.0,0.22916666665563182
PLIPA2E181pp,0.0,0.13258384335760198
PLIPA2G181pp,0.0,0.17187499997951355
PMANM,-1.3751949266613852,-0.0001949266018271715
PMDPHT,2.0273842786477163e-05,2.2526491855543657e-05
PMPK,9.569987947174704e-06,1.063331994123587e-05
PNCDC,0.0,1000.0
PNCDC_1,-1000.0,0.0
PNTK,2.334199768732527e-05,2.593555246151172e-05
PPA,0.0,1.3749999999086706
PPA2,0.0,1.3749999998822697
PPAKr,0.0,1000.0
PPAP_Et,0.0,0.0
PPA_1pp,0.0,1.8333333332452022
PPBNGS,0.00010844302646867052,0.01592327281682924
PPC,0.0,1.524894500886357
PPCDC,2.3341997847108458e-05,2.5935552164727347e-05
PPCK,0.0,1.3749999999299718
PPCOAC,0.0,1.3749999999688722
PPCSCT,0.0,1000.0
PPDK,0.0,1000.0
PPDOy,0.0,0.3437499999774274
PPGPPDP,0.0,1.3749999998493923
PPK,0.0,1000.0
PPK2,0.0,1000.0
PPM,0.0,0.0
PPNCL2,2.3341997435663434e-05,2.5935551768753038e-05
PPND,0.006466138285690931,0.007184598095168578
PPNDH,0.0,0.085665247391313
PPNDH2,-999.9999999999999,999.9999999999999
PPOR,0.0,0.06547619047418905
PRAGSr,0.0024459678543139332,0.002717742056927343
PRAIS,0.0024459678543139315,0.0027177420582704466
PRAIi,0.003281526882202215,0.003646140980287186
PRAMPC,0.003789913826736681,0.004211015363019412
PRASCSi,0.002436397866366758,0.0027071087402892238
PRATPP,0.003789913826736681,0.004211015363112944
PRFGS,0.0,0.0027177420602304777
PRFGS_1,0.0,0.0027177420582704466
PRMICI,0.0037899138267366806,0.004211015363112943
PROD2,0.0,1000.0
PROD3,0.0,1.3749999997667517
PROGLYabcpp,0.0,0.0
PROGLYtex,0.0,0.0
PROR,0.0,1000.0
PROabc,0.0,0.0
PROabcpp,0.0,0.0
PROt2r,0.0,0.0
PROt2rpp,0.0,0.0
PROtex,0.0,0.0
PRPPS,0.01148925664304391,0.4698225898913305
PSCVT,0.01905963827960705,0.12273888987213899
PSD160,0.005561798060806859,0.32118656959699754
PSD181,0.0007174422050079756,0.1627643618647855
PSERT,0.0,1.4660245940931038
PSP_L,0.0,1.4660245945232573
PSSA160,0.005561798060806859,0.32118656964499054
PSSA181,0.0007174422050079758,0.1627643618528502
PSUDS,0.0,1000.0000000000001
PTA2,0.0,1000.0
PTAr,-1000.0,1000.0
PTAtex,0.0,0.0
PTHRP,-0.30555555553112607,0.0
PTPATi,0.0,0.6875233419813922
PTRCTA,0.0,0.26748590333953237
PTRCTA2,0.0,0.26748590342636147
PTRCabc,0.0,0.0
PTRCabcpp,0.0,0.0
PTSLAtexi,0.0,0.0
PUNP6,0.0,0.0
PUTA3,0.0,1.375000000456882
PXYLt5,0.0,5.499999999765326
PXYLt6,0.0,5.499999999500681
PY5CCR,0.0,1000.0
PY5CCR2,0.0,1000.0
PYAM5PO,0.0,0.9166666667781201
PYDAMK,0.0,1.3749999998697613
PYDAMtex,0.0,0.0
PYDAMtpp,0.0,0.0
PYDXK,0.0,0.30557410354932824
PYDXNK,0.0,0.0
PYDXNO,0.0,0.0
PYDXNtr,0.0,0.0
PYDXO,-0.30557410357764037,0.0
PYK,0.0,1000.0
PYOVD2tex,0.0,0.004505101275915014
PYRDOX,0.0,0.09482758621495184
PYRZAM,0.0,0.09482758620236546
P_XYLtpp,0.0,5.499999999671063
P_Xylt1,0.0,5.499999999815267
QMO3,0.0,1.3750180737912812
QUIN2tpp,-5.499999999751155,0.0
QUINtpp,0.0,5.499999999721883
QULNS,0.00011271081096609052,0.09494029703439397
RAFFabc,0.0,0.0
RAFH,0.0,0.0
RBFK,9.036918772111827e-06,1.0041021275145019e-05
RBFSa,4.05476853202381e-05,4.505298441773063e-05
RBFSb,2.027384266011905e-05,2.2526492208865314e-05
RBP4E,-0.001351521113107132,-0.001216369001817925
RECOAH10,0.0,999.9999999999999
RECOAH11,0.0,999.9999999999999
RECOAH12,0.0,1000.0
RECOAH13,0.0,999.9999999999998
RECOAH14,0.0,1000.0
RECOAH15,0.0,1000.0
RECOAH16,0.0,1000.0000000000003
RECOAH17,0.0,999.9999999999998
RECOAH19,0.0,1000.0
RECOAH2,-1000.0000000000008,1000.0000000000002
RECOAH20,0.0,0.0
RECOAH21,0.0,1000.0000000000001
RECOAH22,0.0,999.9999999999999
RECOAH23,0.0,1000.0000000000001
RECOAH24,0.0,1000.0
RECOAH25,0.0,1000.0000000000001
RECOAH26,0.0,1000.0000000000001
RECOAH3,-1000.0000000000032,999.9999999999999
RECOAH4,-1000.0,1000.0
RECOAH5,-999.9999999999999,1000.0
RECOAH6,-1000.0,999.9968462368862
RECOAH7,0.0,0.0
RECOAH8,0.0,0.0
RECOAH9,0.0,999.9999999999999
REPHACCOAI,0.0,0.07638888887389672
RHA142tex,0.0,0.0
RHA142tpp,0.0,0.0
RHA40tex,0.0,0.0
RHA50tex,0.0,0.0
RHA50tpp,0.0,0.0
RHA70tex,0.0,0.0
RHA70tpp,0.0,0.0
RHA90tex,0.0,0.0
RHA90tpp,0.0,0.0
RHACOAE100,0.0,1.3750000005812408
RHACOAE120,0.0,1.3750000006085081
RHACOAE121,0.0,1.3749999997137377
RHACOAE121d6,0.0,1.374999999686944
RHACOAE140,0.0,1.374999999686944
RHACOAE141,0.0,1.3749999997593192
RHACOAE141d5,0.0,1.374999999686944
RHACOAE142,0.0,0.0
RHACOAE160,0.0,1.374999999686944
RHACOAE50,0.0,0.0
RHACOAE60,0.0,1.375000000527827
RHACOAE70,0.0,0.0
RHACOAE80,0.0,1.374999999859109
RHACOAE90,0.0,0.0
RHACOAEP100,0.0,0.0
RHACOAEP101,0.0,1.3749999999026237
RHACOAEP40,0.0,0.0
RHACOAEP50,0.0,1.375000000470884
RHACOAEP60,0.0,1.375000000470884
RHACOAEP70,0.0,0.0
RHACOAEP80,0.0,0.0
RHACOAEP90,0.0,0.0
RHACOAET40,0.0,1.375000000470884
RHACOAET60,0.0,1.3750000005083816
RHACOAR100,-1000.0,1000.0
RHACOAR101,0.0,1000.0
RHACOAR120,-1000.0,1000.0
RHACOAR121d5,0.0,1000.0
RHACOAR121d6,0.0,1000.0
RHACOAR140,-999.9968462368861,1000.0
RHACOAR141d5,0.0,1000.0
RHACOAR141d7,0.0,1000.0
RHACOAR142,0.0,1000.0
RHACOAR60,-1000.0,1000.0
RHACOAR70,0.0,1000.0
RHACOAR80,-1000.0,1000.0
RHACOAR90,0.0,1000.0
RHACOARP100,0.0,1000.0
RHACOARP40,0.0,1000.0
RHACOARP50,0.0,1000.0
RHACOARP60,0.0,1000.0
RHACOARP70,0.0,1000.0
RHACOARP80,0.0,1000.0
RHACOARP90,0.0,1000.0
RHACOART60,0.0,1000.0
RHAP100tex,0.0,0.0
RHAP100tpp,0.0,0.0
RHAP40tex,0.0,0.0
RHAP40tpp,0.0,0.0
RHAP70tex,0.0,0.0
RHAP70tpp,0.0,0.0
RHAP80tex,0.0,0.0
RHAP80tpp,0.0,0.0
RHAP90tex,0.0,0.0
RHAP90tpp,0.0,0.0
RIBabc,0.0,0.6875000004841512
RIBabc1,0.0,0.6875000004813765
RIBabcpp,0.0,0.6875000004813765
RIBtex,0.0,0.6875000002330571
RMN_Et,-1.3749999995662356,0.0
RMNabc,0.0,1.3750000005213872
RNDR1,0.0,0.000667884576531355
RNDR1b,0.0,0.0006678845765010953
RNDR2,0.0,0.0010808942592993025
RNDR2b,0.0,0.0010808942592993246
RNDR3,0.0,0.0006978862026199387
RNDR3b,0.0,0.000697886202636106
RNDR4,0.0,0.0006018973145377649
RNDR4b,0.0,0.0006018973145377649
RNTR1c,0.0,0.0006678845764921866
RNTR2c,0.0,0.0010808942593344359
RNTR3c,0.0,0.0006978862026205325
RNTR4c,0.0,0.0006018973145230461
RPE,-1.7408537718003778,-1.1759221316875714
RPI,0.5675456561186547,0.8500114761812504
SADT,0.0,0.19642857143230594
SADT2,0.0,0.17187500002928677
SALADC2,0.0,0.0
SALCHS4FER1,0.0,0.0
SALCHS4FEabcpp,0.0,0.0
SALCHS4FEtonex,0.0,0.0
SALCHS4abcpp,0.0,0.0
SALCHS4tex,0.0,0.0
SAOR,0.0,-1.601672962494904e-13
SARCOX,0.0,0.0
SARCOX2,0.0,0.0
SBTD_D2,0.0,0.0
SBTPD,0.0,0.0
SBTpts,0.0,0.0
SBTt2,0.0,0.0
SDPDS,0.01268276708125778,0.6830780353583906
SDPTA,-0.6830780353955203,-0.012682767081356986
SELADT,0.0,0.0
SELCYSLY3,0.0,0.687500000329012
SELTt,-5.4999999995436735,0.0
SELabcpp,0.0,0.0
SELtex,0.0,0.0
SELtpp,0.0,0.0
SERAT,0.001551447682409067,0.6890514481993982
SERD_L,0.0,1.3750000008581504
SERabc,0.0,0.0
SERabcpp,0.0,0.0
SERtex,0.0,0.0
SHCHD2,9.03691887238921e-06,1.0041020969749248e-05
SHCHF,9.036918872389211e-06,1.0041020969495364e-05
SHEME2abcpp,0.0,0.0
SHEMEtonex,0.0,0.0
SHK3Dr,0.0190596382796219,0.12273888988329083
SHKK,0.019059638279621902,0.12273888992357468
SHSL1,0.0,0.687500000335391
SHSL2r,-0.6874999999072439,0.0
SLNTabcpp,0.0,1.3750000003214022
SLNTtex,0.0,5.500000003140143
SLNTtpp,0.0,5.500000003596361
SO3abcpp,0.0,0.0
SO3tex,0.0,0.0
SO4t2,0.0,0.008343866206814762
SO4t2pp,0.0,0.008343866209964145
SO4t4pp_1,0.0,0.008343866209964145
SO4tex,0.0,0.00834386620819838
SPMDabc,0.0,0.0
SPMDabcpp,0.0,1.1000000002177581
SPMDt3pp,0.0,1.1000000006178494
SPODM,0.0,1.3750180746100604
SPT_syn,-1000.0,-3.2023521200451873e-13
SPTc,0.0,1000.0
SSALx,0.0,1.3750000002198768
SSALy,0.0,1.3750000006823155
SSCOARy,-0.3269272152073597,1.37500000066969
SUCBZT1,1.8073837744778423e-05,2.0082041939620893e-05
SUCD1,-1.3749999998351081,0.0
SUCD4,0.0,1.3749999998127602
SUCDi,0.0,2.751780384136468
SUCOAS,-1000.0,1.5321368601834573
SUCR,0.0,0.0
SUCRabcpp_syn,0.0,0.0
SUCRt2,0.0,0.0
SUCRtex,0.0,0.0
SUCpts,0.0,0.0
SUCptspp,0.0,0.0
SULR,0.0,1000.0
SULR_1,-0.19642857143670336,999.9999999999999
SULabc,0.0,0.008340070474157602
SULabcpp,0.0,0.008340070477459093
St,0.0,0.0
T2ECR,0.0,1000.0
TALA,-999.3645002372766,1.3460486242114496
TARTR_D_Et,0.0,0.0
TAUDO,0.0,0.0
TAURabc,0.0,0.0
TCYNTtex,0.0,0.0
TCYNTtpp,0.0,0.0
TDSK,0.0007884407783910515,0.0008760453093315781
TETDHpp2,0.0,0.0
TETtex,0.0,0.0
THD2pp,0.0,2.7500000002657456
THDPS,0.012682767081257687,0.6830780355962366
THFAT,0.0,1000.0
THIORDXi,0.0,0.5500333863941081
THRA,0.0,0.5408568261860948
THRA2,0.0,0.5408568260258879
THRD,0.0,0.540856826013304
THRD_L,0.00993105945586939,0.2774169627807708
THRPDC,0.0,0.30555555557234254
THRS,0.02333859531095299,0.5641954211868365
THRabc,0.0,0.0
THRabcpp,0.0,1.0999999999972518
THRt2pp,0.0,1.1000000002587091
THZPSN,9.569987947174857e-06,1.0633319941555972e-05
THZSN_1,0.0,0.0
TKT1,-0.8615007327909954,-0.5790349127729482
TKT2,-0.8805694079981036,-0.59810358797447
TMDK1,0.0,1.374999999676907
TMDS,0.0005417075830682957,0.0006018973144940273
TMPK,9.036918872389059e-06,1.0041020969116718e-05
TMPPP,9.569987947174704e-06,1.0633319941088554e-05
TNTHAC1,0.0,0.0
TNTHAC2,0.0,0.0
TNTR1,0.0,0.0
TNTR2,0.0,0.0
TNTR3,0.0,0.0
TNTR4,0.0,0.0
TNTep,0.0,5.500000001205852
TNTtex,0.0,5.5000000007665255
TNTtpp,0.0,5.5000000007665255
TOLt5,0.0,5.500000000766541
TOLt6,0.0,5.50000000035685
TOLt7,0.0,5.50000000035685
TOLtex,0.0,5.50000000035685
TOLtpp,0.0,5.50000000035685
TPI,-2.0573935086439996,-1.2232067630079957
TRDR,0.0,0.552777092667626
TRE6PH,0.0,1.4058763737933577
TRE6PP,0.0,1.390438187202619
TRE6PS,0.015438186864711965,1.405876373036489
TREHpp,0.0,0.0
TREabc,0.0,0.0
TREpts,0.0,0.0
TREptspp,0.0,0.0
TREtex,0.0,0.0
TRPS1,0.0,0.0036461409801630956
TRPS2,0.0,0.0036461409802889563
TRPS3,0.0,0.0036461409801302027
TRPTA,0.0,0.0
TRPabc,0.0,0.0
TRSARr,-1000.0,0.0
TRSARyr,0.0,999.9999999999999
TSULabc,0.0,0.0
TSULabcpp,0.0,0.0
TTDCAtexi,0.0,0.0
TTDCEAtexi,0.0,0.0
TTRCYCt2pp,0.0,2.750000000093382
TTRCYCt5,0.0,2.7500000007604113
TTRCYCt7pp,0.0,2.750000000895019
TTRCYCtex,0.0,5.500000001790038
TTRCYCtpp,0.0,5.500000002700797
TYRL,0.0,0.0
TYRTA,-0.007184598095185761,999.9935338617144
TYRTAi,0.0,1000.0
TYRabc,0.0,0.0
U23GAAT,0.0015768815567821044,0.0017520906187329373
UAAGDS,0.002243627862644972,0.15089227660925494
UAG2EMA,0.0,0.0
UAGAAT,0.0015768815567821029,0.0017520906187375523
UAGCVT,0.0,0.16891029463914708
UAGCVT_1,0.0,0.16891029455927478
UAGDP,0.0,0.33939747067533166
UAGDP_1,0.0,0.33939747067533166
UAGPT3,0.0022436278626449717,0.16891029455927478
UAMAGS,0.0022436278626449717,0.1508922765380795
UAMAS,0.0022436278626449717,0.15089227653280995
UAPGR,0.002243627862644972,0.16891029455343443
UDCPDP,0.0022436278626449717,0.16891029455562456
UDPACGLP,0.0,0.0
UDPG4E,0.00023390625888533866,0.0002598958432100359
UGLYCH,0.0,0.0
UGMDDS,0.002243627862644972,0.16891029461849247
UHBZ1t_pp,0.0,2.7500000004952625
UHGADA,0.0015768815567821029,0.0017520906186663109
UM4PCP,0.0,0.1666666667765021
UM4PL,0.0,0.16666666669297955
UMPK,0.004911561842291069,1.3799115620588884
UNK5,0.0,0.0
UPP3MT,9.036918872389211e-06,1.0041020969608968e-05
UPP3S,2.711075662502088e-05,0.003980818206635245
UPPDC1,1.8073837744778426e-05,0.0039717812856570655
URATEtex,0.0,0.0
URATEtpp,0.0,0.0
URAt2pp,0.0,5.500000000516753
URAtpp,0.0,5.500000001548386
UREA,0.0,0.15277777782059876
UREASE,0.0,0.1375000000988443
UREA_1,0.0,0.152777777852245
UREAabcpp,0.0,1.3750000009887193
UREAtex,0.0,0.0
UREAtpp,-1.374999999970034,0.0
URIC,0.0,0.0
URIDK2r,-0.0006018973145142514,1.3744582931964124
USHD,0.0007884407783911782,0.0008760453093448305
UUPP,0.0,1.3750000000076474
VACCtex,0.0,0.0
VACOAI,0.0,1000.0000000000001
VACOAI_2,-1000.0,0.0
VALabc,0.0,0.0
VALabcpp,0.0,1.1000000004588384
VALt3pp,0.0,1.100000000225378
VANLNtex,0.0,0.0
VCACT,0.0,0.0
VCOAD,0.0,0.0
VECOAH,0.0,0.0
VNDH,0.0,0.0
VNDH_2,9.569987947177076e-06,1.0633319941523195e-05
VNLNpp,0.0,0.0
VNTDM,0.0,0.0
VPAMTr,0.016650128622690104,0.01850014291487179
X5PL3E,0.0,0.0
XAND,0.0,0.0
XANt2pp,0.0,5.500000001383776
XANtpp,-5.500000000102132,0.0
XTSNH,0.0,0.0
XYLabc,0.0,1.3750000005606724
XYLt,-5.499999999572431,-2.620536648691858e-16
XYLt2,0.0,5.500000002294094
YUMPS,-1000.0,-1.1368683772161603e-13
ZN2abcpp,0.0,1.375000000323765
ZN2t3pp,0.0,5.499999998840956
ZN2t4,0.0,0.008361063604533706
ZN2t4pp,0.0,2.7500000011470447
ZN2t5,0.0,5.500000000577509
ZN2t6,0.0,2.7500000006770025
ZN2tpp,0.0,5.50000000224981
ilvg,0.0,0.2774169628671593
pentso3abcpp,0.0,0.0
r2465_1,-5.507538087329085,-1.3129873159883878e-05
sink_2ohph_c,0.0,0.004204892967526227
sink_4crsol_c,0.0,0.0
sink_hemeO_c,0.0,0.003953707447828439
Growth,0.0405242998761848,0.0450269998637122
ATPM,17.0,18.375000000595886
GLCNtex,0.0,0.0
H2SO,-0.008158084808322608,0.18908629506410393
N2OR,0.0,0.0
N2tex,0.0,0.0
N2trpp,0.0,0.0
NHFRBO,0.0,0.0
PHPYROX,1.8073837744778446e-05,2.008204194013067e-05
PIt2r,0.012888466732723716,0.014320518579489816
CHRPL,-1.0633319942733424e-05,0.004195322980235969
SUCCt2r,0.0,0.0
5DH4DGLCD,0.0,0.0
ETOHt,0.0,0.0
RBPC,1.7416164414610373,2.589013901743049
SBP,-998.7854653245197,1.9481323988650472
PRUK,1.7416164414783233,2.589013901602044
ACACDC,0.0,0.0
PROHEXADECA,0.0020235634944104036,0.002248403882700622
PROHEXADECE,0.0002850186629970766,0.0003166874033405774
PROOCTADECE,0.005348346028602449,0.005942606698644052
PROOCTADECA,0.0002907200648626484,0.0003230222943025338
DGAK,0.026120164644840942,1.40112016510617
GalMr_2,-1.4011201645810925,-0.02612016464484094
UGLT,-0.0002598958432040963,-0.00023390625888533868
GALKr,-0.00025989584320656843,-0.00023390625888533868
XYLI1,-0.0002599079063720273,-0.00023391711573425165
AL4D,0.0002339171157342502,0.00025990790637195224
ALDR,0.00023391711573425168,0.00025990790638000185
ARABDI,-0.0002599079063696891,-0.0002339171157341609
RU5PP,0.00023391711573425024,0.0002599079063719523
GDPMNH,0.00019492660182717148,1.3751949270631267
RBK_L1,0.00121636900181811,0.0013515211131612272
ARAI,0.00121636900181811,0.0013515211131760112
NACEGLUA,0.0,0.0
THMP,5.33069074785645e-07,5.922989720036737e-07
STEA_9_DESA,0.0002539716683415424,0.0002821907426110631
OLEO_12_DESA,0.0002539716683415424,0.0002821907426110631
LINO_6_DESA,1.4758632401100677e-05,1.639848044563499e-05
FACOAE1836Z9Z12Z,1.4758632401100679e-05,1.6398480445644875e-05
