,carbon_source,flux_minimum,carbon_yield_minimum,mass_yield_minimum,flux_maximum,carbon_yield_maximum,mass_yield_maximum,EX_co2_e,EX_o2_e
0,EX_co2_e,,,,,,,-2.4934482758620686,-12.06845372719948
1,EX_co2_e,,,,,,,-2.4934482758620686,-11.71221932050477
2,EX_co2_e,,,,,,,-2.4934482758620686,-11.35598491381006
3,EX_co2_e,,,,,,,-2.4934482758620686,-10.999750507115351
4,EX_co2_e,,,,,,,-2.4934482758620686,-10.64351610042064
5,EX_co2_e,,,,,,,-2.4934482758620686,-10.287281693725932
6,EX_co2_e,,,,,,,-2.4934482758620686,-9.931047287031223
7,EX_co2_e,,,,,,,-2.4934482758620686,-9.574812880336513
8,EX_co2_e,,,,,,,-2.4934482758620686,-9.218578473641802
9,EX_co2_e,,,,,,,-2.4934482758620686,-8.862344066947093
10,EX_co2_e,,,,,,,-2.4934482758620686,-8.506109660252385
11,EX_co2_e,,,,,,,-2.4934482758620686,-8.149875253557674
12,EX_co2_e,,,,,,,-2.4934482758620686,-7.793640846862965
13,EX_co2_e,,,,,,,-2.4934482758620686,-7.437406440168256
14,EX_co2_e,,,,,,,-2.4934482758620686,-7.081172033473546
15,EX_co2_e,,,,,,,-2.4934482758620686,-6.7249376267788366
16,EX_co2_e,,,,,,,-2.4934482758620686,-6.368703220084127
17,EX_co2_e,,,,,,,-2.4934482758620686,-6.012468813389417
18,EX_co2_e,,,,,,,-2.4934482758620686,-5.656234406694708
19,EX_co2_e,,,,,,,-2.4934482758620686,-5.299999999999998
20,EX_co2_e,,,,,,,-2.3622141560798546,-12.06845372719948
21,EX_co2_e,,,,,,,-2.3622141560798546,-11.71221932050477
22,EX_co2_e,,,,,,,-2.3622141560798546,-11.35598491381006
23,EX_co2_e,,,,,,,-2.3622141560798546,-10.999750507115351
24,EX_co2_e,,,,,,,-2.3622141560798546,-10.64351610042064
25,EX_co2_e,,,,,,,-2.3622141560798546,-10.287281693725932
26,EX_co2_e,,,,,,,-2.3622141560798546,-9.931047287031223
27,EX_co2_e,,,,,,,-2.3622141560798546,-9.574812880336513
28,EX_co2_e,,,,,,,-2.3622141560798546,-9.218578473641802
29,EX_co2_e,,,,,,,-2.3622141560798546,-8.862344066947093
30,EX_co2_e,,,,,,,-2.3622141560798546,-8.506109660252385
31,EX_co2_e,,,,,,,-2.3622141560798546,-8.149875253557674
32,EX_co2_e,0.0,0.0,,0.014366626704913807,7.32902861328594,,-2.3622141560798546,-7.793640846862965
33,EX_co2_e,0.0,0.0,,0.006931779415433939,3.536196124545064,,-2.3622141560798546,-7.437406440168256
34,EX_co2_e,,,,,,,-2.3622141560798546,-7.081172033473546
35,EX_co2_e,,,,,,,-2.3622141560798546,-6.7249376267788366
36,EX_co2_e,,,,,,,-2.3622141560798546,-6.368703220084127
37,EX_co2_e,,,,,,,-2.3622141560798546,-6.012468813389417
38,EX_co2_e,,,,,,,-2.3622141560798546,-5.656234406694708
39,EX_co2_e,,,,,,,-2.3622141560798546,-5.299999999999998
40,EX_co2_e,,,,,,,-2.23098003629764,-12.06845372719948
41,EX_co2_e,,,,,,,-2.23098003629764,-11.71221932050477
42,EX_co2_e,,,,,,,-2.23098003629764,-11.35598491381006
43,EX_co2_e,,,,,,,-2.23098003629764,-10.999750507115351
44,EX_co2_e,,,,,,,-2.23098003629764,-10.64351610042064
45,EX_co2_e,,,,,,,-2.23098003629764,-10.287281693725932
46,EX_co2_e,,,,,,,-2.23098003629764,-9.931047287031223
47,EX_co2_e,,,,,,,-2.23098003629764,-9.574812880336513
48,EX_co2_e,,,,,,,-2.23098003629764,-9.218578473641802
49,EX_co2_e,,,,,,,-2.23098003629764,-8.862344066947093
50,EX_co2_e,,,,,,,-2.23098003629764,-8.506109660252385
51,EX_co2_e,,,,,,,-2.23098003629764,-8.149875253557674
52,EX_co2_e,0.0,0.0,,0.02632157609260638,14.217625945157252,,-2.23098003629764,-7.793640846862965
53,EX_co2_e,0.0,0.0,,0.011672650265370076,6.304993845269359,,-2.23098003629764,-7.437406440168256
54,EX_co2_e,,,,,,,-2.23098003629764,-7.081172033473546
55,EX_co2_e,,,,,,,-2.23098003629764,-6.7249376267788366
56,EX_co2_e,,,,,,,-2.23098003629764,-6.368703220084127
57,EX_co2_e,,,,,,,-2.23098003629764,-6.012468813389417
58,EX_co2_e,,,,,,,-2.23098003629764,-5.656234406694708
59,EX_co2_e,,,,,,,-2.23098003629764,-5.299999999999998
60,EX_co2_e,,,,,,,-2.099745916515426,-12.06845372719948
61,EX_co2_e,,,,,,,-2.099745916515426,-11.71221932050477
62,EX_co2_e,,,,,,,-2.099745916515426,-11.35598491381006
63,EX_co2_e,,,,,,,-2.099745916515426,-10.999750507115351
64,EX_co2_e,,,,,,,-2.099745916515426,-10.64351610042064
65,EX_co2_e,,,,,,,-2.099745916515426,-10.287281693725932
66,EX_co2_e,,,,,,,-2.099745916515426,-9.931047287031223
67,EX_co2_e,,,,,,,-2.099745916515426,-9.574812880336513
68,EX_co2_e,,,,,,,-2.099745916515426,-9.218578473641802
69,EX_co2_e,,,,,,,-2.099745916515426,-8.862344066947093
70,EX_co2_e,,,,,,,-2.099745916515426,-8.506109660252385
71,EX_co2_e,0.0,0.0,,0.04158532819402966,23.866254396240564,,-2.099745916515426,-8.149875253557674
72,EX_co2_e,0.0,0.0,,0.029755251493251655,17.076849759334507,,-2.099745916515426,-7.793640846862965
73,EX_co2_e,0.0,0.0,,0.016413521115306043,9.41989128108409,,-2.099745916515426,-7.437406440168256
74,EX_co2_e,0.0,0.0,,0.0010356119962588253,0.5943485462755138,,-2.099745916515426,-7.081172033473546
75,EX_co2_e,,,,,,,-2.099745916515426,-6.7249376267788366
76,EX_co2_e,,,,,,,-2.099745916515426,-6.368703220084127
77,EX_co2_e,,,,,,,-2.099745916515426,-6.012468813389417
78,EX_co2_e,,,,,,,-2.099745916515426,-5.656234406694708
79,EX_co2_e,,,,,,,-2.099745916515426,-5.299999999999998
80,EX_co2_e,,,,,,,-1.9685117967332122,-12.06845372719948
81,EX_co2_e,,,,,,,-1.9685117967332122,-11.71221932050477
82,EX_co2_e,,,,,,,-1.9685117967332122,-11.35598491381006
83,EX_co2_e,,,,,,,-1.9685117967332122,-10.999750507115351
84,EX_co2_e,,,,,,,-1.9685117967332122,-10.64351610042064
85,EX_co2_e,,,,,,,-1.9685117967332122,-10.287281693725932
86,EX_co2_e,,,,,,,-1.9685117967332122,-9.931047287031223
87,EX_co2_e,,,,,,,-1.9685117967332122,-9.574812880336513
88,EX_co2_e,,,,,,,-1.9685117967332122,-9.218578473641802
89,EX_co2_e,,,,,,,-1.9685117967332122,-8.862344066947093
90,EX_co2_e,0.0,1.1309272014900021e-28,,0.03417537229391656,20.921176826524924,,-1.9685117967332122,-8.506109660252385
91,EX_co2_e,0.0,0.0,,0.04121146290407274,25.228468479606114,,-1.9685117967332122,-8.149875253557674
92,EX_co2_e,0.0,0.0,,0.033071206831516334,20.2452385898922,,-1.9685117967332122,-7.793640846862965
93,EX_co2_e,0.0,0.0,,0.021154391965242287,12.950108375007618,,-1.9685117967332122,-7.437406440168256
94,EX_co2_e,0.0,0.0,,0.005776482846195484,3.5361961245453934,,-1.9685117967332122,-7.081172033473546
95,EX_co2_e,,,,,,,-1.9685117967332122,-6.7249376267788366
96,EX_co2_e,,,,,,,-1.9685117967332122,-6.368703220084127
97,EX_co2_e,,,,,,,-1.9685117967332122,-6.012468813389417
98,EX_co2_e,,,,,,,-1.9685117967332122,-5.656234406694708
99,EX_co2_e,,,,,,,-1.9685117967332122,-5.299999999999998
100,EX_co2_e,,,,,,,-1.837277676950998,-12.06845372719948
101,EX_co2_e,,,,,,,-1.837277676950998,-11.71221932050477
102,EX_co2_e,,,,,,,-1.837277676950998,-11.35598491381006
103,EX_co2_e,,,,,,,-1.837277676950998,-10.999750507115351
104,EX_co2_e,,,,,,,-1.837277676950998,-10.64351610042064
105,EX_co2_e,,,,,,,-1.837277676950998,-10.287281693725932
106,EX_co2_e,,,,,,,-1.837277676950998,-9.931047287031223
107,EX_co2_e,,,,,,,-1.837277676950998,-9.574812880336513
108,EX_co2_e,,,,,,,-1.837277676950998,-9.218578473641802
109,EX_co2_e,0.0,0.0,,0.01313406071208341,8.61459964225018,,-1.837277676950998,-8.862344066947093
110,EX_co2_e,0.0,0.0,,0.03846403204379977,25.228468479605176,,-1.837277676950998,-8.506109660252385
111,EX_co2_e,0.0,0.0,,0.03846403204380019,25.22846847960545,,-1.837277676950998,-8.149875253557674
112,EX_co2_e,0.0,0.0,,0.036387162169776284,23.86625439624078,,-1.837277676950998,-7.793640846862965
113,EX_co2_e,0.0,0.0,,0.02455708546899817,16.10693481120519,,-1.837277676950998,-7.437406440168256
114,EX_co2_e,0.0,0.0,,0.01051735369613145,6.898307642567658,,-1.837277676950998,-7.081172033473546
115,EX_co2_e,,,,,,,-1.837277676950998,-6.7249376267788366
116,EX_co2_e,,,,,,,-1.837277676950998,-6.368703220084127
117,EX_co2_e,,,,,,,-1.837277676950998,-6.012468813389417
118,EX_co2_e,,,,,,,-1.837277676950998,-5.656234406694708
119,EX_co2_e,,,,,,,-1.837277676950998,-5.299999999999998
120,EX_co2_e,,,,,,,-1.7060435571687838,-12.06845372719948
121,EX_co2_e,,,,,,,-1.7060435571687838,-11.71221932050477
122,EX_co2_e,,,,,,,-1.7060435571687838,-11.35598491381006
123,EX_co2_e,,,,,,,-1.7060435571687838,-10.999750507115351
124,EX_co2_e,,,,,,,-1.7060435571687838,-10.64351610042064
125,EX_co2_e,,,,,,,-1.7060435571687838,-10.287281693725932
126,EX_co2_e,,,,,,,-1.7060435571687838,-9.931047287031223
127,EX_co2_e,,,,,,,-1.7060435571687838,-9.574812880336513
128,EX_co2_e,,,,,,,-1.7060435571687838,-9.218578473641802
129,EX_co2_e,0.0,0.0,,0.03571660118352713,25.22846847960431,,-1.7060435571687838,-8.862344066947093
130,EX_co2_e,0.0,0.0,,0.035716601183529643,25.22846847960608,,-1.7060435571687838,-8.506109660252385
131,EX_co2_e,0.0,0.0,,0.03571660118352655,25.228468479603904,,-1.7060435571687838,-8.149875253557674
132,EX_co2_e,0.0,0.0,,0.03571660118352903,25.22846847960565,,-1.7060435571687838,-7.793640846862965
133,EX_co2_e,0.0,0.0,,0.02787304080725625,19.688159235064873,,-1.7060435571687838,-7.437406440168256
134,EX_co2_e,0.0,0.0,,0.015258224546065506,10.777667086438155,,-1.7060435571687838,-7.081172033473546
135,EX_co2_e,,,,,,,-1.7060435571687838,-6.7249376267788366
136,EX_co2_e,,,,,,,-1.7060435571687838,-6.368703220084127
137,EX_co2_e,,,,,,,-1.7060435571687838,-6.012468813389417
138,EX_co2_e,,,,,,,-1.7060435571687838,-5.656234406694708
139,EX_co2_e,,,,,,,-1.7060435571687838,-5.299999999999998
140,EX_co2_e,,,,,,,-1.5748094373865698,-12.06845372719948
141,EX_co2_e,,,,,,,-1.5748094373865698,-11.71221932050477
142,EX_co2_e,,,,,,,-1.5748094373865698,-11.35598491381006
143,EX_co2_e,,,,,,,-1.5748094373865698,-10.999750507115351
144,EX_co2_e,,,,,,,-1.5748094373865698,-10.64351610042064
145,EX_co2_e,,,,,,,-1.5748094373865698,-10.287281693725932
146,EX_co2_e,,,,,,,-1.5748094373865698,-9.931047287031223
147,EX_co2_e,,,,,,,-1.5748094373865698,-9.574812880336513
148,EX_co2_e,0.0,1.7775574248690667e-31,,0.03296917032325919,25.228468479606867,,-1.5748094373865698,-9.218578473641802
149,EX_co2_e,0.0,0.0,,0.03296917032325322,25.228468479602324,,-1.5748094373865698,-8.862344066947093
150,EX_co2_e,0.0,0.0,,0.03296917032325799,25.22846847960595,,-1.5748094373865698,-8.506109660252385
151,EX_co2_e,0.0,0.0,,0.03296917032325838,25.228468479606246,,-1.5748094373865698,-8.149875253557674
152,EX_co2_e,0.0,0.0,,0.032969170323256566,25.228468479604864,,-1.5748094373865698,-7.793640846862965
153,EX_co2_e,0.0,0.0,,0.03118899614551867,23.866254396237846,,-1.5748094373865698,-7.437406440168256
154,EX_co2_e,0.0,0.0,,0.019358919444742644,14.813714880364568,,-1.5748094373865698,-7.081172033473546
155,EX_co2_e,0.0,0.0,,0.004621186276955513,3.536196124544724,,-1.5748094373865698,-6.7249376267788366
156,EX_co2_e,,,,,,,-1.5748094373865698,-6.368703220084127
157,EX_co2_e,,,,,,,-1.5748094373865698,-6.012468813389417
158,EX_co2_e,,,,,,,-1.5748094373865698,-5.656234406694708
159,EX_co2_e,,,,,,,-1.5748094373865698,-5.299999999999998
160,EX_co2_e,,,,,,,-1.4435753176043555,-12.06845372719948
161,EX_co2_e,,,,,,,-1.4435753176043555,-11.71221932050477
162,EX_co2_e,,,,,,,-1.4435753176043555,-11.35598491381006
163,EX_co2_e,,,,,,,-1.4435753176043555,-10.999750507115351
164,EX_co2_e,,,,,,,-1.4435753176043555,-10.64351610042064
165,EX_co2_e,,,,,,,-1.4435753176043555,-10.287281693725932
166,EX_co2_e,,,,,,,-1.4435753176043555,-9.931047287031223
167,EX_co2_e,,,,,,,-1.4435753176043555,-9.574812880336513
168,EX_co2_e,0.0,0.0,,0.030221739462987417,25.22846847960674,,-1.4435753176043555,-9.218578473641802
169,EX_co2_e,0.0,0.0,,0.030221739462986657,25.228468479606114,,-1.4435753176043555,-8.862344066947093
170,EX_co2_e,0.0,0.0,,0.030221739462984735,25.228468479604498,,-1.4435753176043555,-8.506109660252385
171,EX_co2_e,0.0,0.0,,0.030221739462986816,25.228468479606242,,-1.4435753176043555,-8.149875253557674
172,EX_co2_e,0.0,0.0,,0.03022173946298718,25.228468479606537,,-1.4435753176043555,-7.793640846862965
173,EX_co2_e,0.0,0.0,,0.030221739462986067,25.228468479605606,,-1.4435753176043555,-7.437406440168256
174,EX_co2_e,0.0,0.0,,0.022674874783005942,18.928505569399416,,-1.4435753176043555,-7.081172033473546
175,EX_co2_e,0.0,0.0,,0.009362057126892398,7.815247147482861,,-1.4435753176043555,-6.7249376267788366
176,EX_co2_e,,,,,,,-1.4435753176043555,-6.368703220084127
177,EX_co2_e,,,,,,,-1.4435753176043555,-6.012468813389417
178,EX_co2_e,,,,,,,-1.4435753176043555,-5.656234406694708
179,EX_co2_e,,,,,,,-1.4435753176043555,-5.299999999999998
180,EX_co2_e,,,,,,,-1.3123411978221413,-12.06845372719948
181,EX_co2_e,,,,,,,-1.3123411978221413,-11.71221932050477
182,EX_co2_e,,,,,,,-1.3123411978221413,-11.35598491381006
183,EX_co2_e,,,,,,,-1.3123411978221413,-10.999750507115351
184,EX_co2_e,,,,,,,-1.3123411978221413,-10.64351610042064
185,EX_co2_e,,,,,,,-1.3123411978221413,-10.287281693725932
186,EX_co2_e,,,,,,,-1.3123411978221413,-9.931047287031223
187,EX_co2_e,0.0,1.2823088184259643e-28,,0.027474308602712962,25.228468479604103,,-1.3123411978221413,-9.574812880336513
188,EX_co2_e,0.0,0.0,,0.027474308602712917,25.228468479604068,,-1.3123411978221413,-9.218578473641802
189,EX_co2_e,0.0,0.0,,0.02747430860271179,25.22846847960306,,-1.3123411978221413,-8.862344066947093
190,EX_co2_e,0.0,0.0,,0.02747430860271228,25.2284684796035,,-1.3123411978221413,-8.506109660252385
191,EX_co2_e,0.0,0.0,,0.02747430860271448,25.228468479605507,,-1.3123411978221413,-8.149875253557674
192,EX_co2_e,0.0,0.0,,0.02747430860271531,25.22846847960628,,-1.3123411978221413,-7.793640846862965
193,EX_co2_e,0.0,0.0,,0.027474308602714183,25.228468479605237,,-1.3123411978221413,-7.437406440168256
194,EX_co2_e,0.0,0.0,,0.025990830121271704,23.866254396243484,,-1.3123411978221413,-7.081172033473546
195,EX_co2_e,0.0,0.0,,0.014102927976827677,12.950108375007144,,-1.3123411978221413,-6.7249376267788366
196,EX_co2_e,,,,,,,-1.3123411978221413,-6.368703220084127
197,EX_co2_e,,,,,,,-1.3123411978221413,-6.012468813389417
198,EX_co2_e,,,,,,,-1.3123411978221413,-5.656234406694708
199,EX_co2_e,,,,,,,-1.3123411978221413,-5.299999999999998
200,EX_co2_e,,,,,,,-1.1811070780399273,-12.06845372719948
201,EX_co2_e,,,,,,,-1.1811070780399273,-11.71221932050477
202,EX_co2_e,,,,,,,-1.1811070780399273,-11.35598491381006
203,EX_co2_e,,,,,,,-1.1811070780399273,-10.999750507115351
204,EX_co2_e,,,,,,,-1.1811070780399273,-10.64351610042064
205,EX_co2_e,,,,,,,-1.1811070780399273,-10.287281693725932
206,EX_co2_e,0.0,0.0,,0.024726877742441526,25.228468479603965,,-1.1811070780399273,-9.931047287031223
207,EX_co2_e,0.0,0.0,,0.02472687774244382,25.228468479606313,,-1.1811070780399273,-9.574812880336513
208,EX_co2_e,0.0,0.0,,0.02472687774244379,25.22846847960628,,-1.1811070780399273,-9.218578473641802
209,EX_co2_e,0.0,0.0,,0.024726877742443722,25.228468479606214,,-1.1811070780399273,-8.862344066947093
210,EX_co2_e,0.0,0.0,,0.024726877742443257,25.228468479605745,,-1.1811070780399273,-8.506109660252385
211,EX_co2_e,0.0,0.0,,0.024726877742442446,25.228468479604896,,-1.1811070780399273,-8.149875253557674
212,EX_co2_e,0.0,0.0,,0.024726877742442758,25.228468479605233,,-1.1811070780399273,-7.793640846862965
213,EX_co2_e,0.0,0.0,,0.024726877742442657,25.228468479605123,,-1.1811070780399273,-7.437406440168256
214,EX_co2_e,0.0,0.0,,0.024726877742442362,25.228468479604814,,-1.1811070780399273,-7.081172033473546
215,EX_co2_e,0.0,0.0,,0.017476708758751475,17.83122805232282,,-1.1811070780399273,-6.7249376267788366
216,EX_co2_e,0.0,0.0,,0.0034658897077175575,3.5361961245456692,,-1.1811070780399273,-6.368703220084127
217,EX_co2_e,,,,,,,-1.1811070780399273,-6.012468813389417
218,EX_co2_e,,,,,,,-1.1811070780399273,-5.656234406694708
219,EX_co2_e,,,,,,,-1.1811070780399273,-5.299999999999998
220,EX_co2_e,,,,,,,-1.049872958257713,-12.06845372719948
221,EX_co2_e,,,,,,,-1.049872958257713,-11.71221932050477
222,EX_co2_e,,,,,,,-1.049872958257713,-11.35598491381006
223,EX_co2_e,,,,,,,-1.049872958257713,-10.999750507115351
224,EX_co2_e,,,,,,,-1.049872958257713,-10.64351610042064
225,EX_co2_e,,,,,,,-1.049872958257713,-10.287281693725932
226,EX_co2_e,0.0,1.3609229589999785e-26,,0.02197944688217153,25.228468479605453,,-1.049872958257713,-9.931047287031223
227,EX_co2_e,0.0,0.0,,0.02197944688217119,25.22846847960505,,-1.049872958257713,-9.574812880336513
228,EX_co2_e,0.0,0.0,,0.021979446882170028,25.228468479603716,,-1.049872958257713,-9.218578473641802
229,EX_co2_e,0.0,0.0,,0.02197944688217085,25.228468479604658,,-1.049872958257713,-8.862344066947093
230,EX_co2_e,0.0,0.0,,0.02197944688216989,25.228468479603556,,-1.049872958257713,-8.506109660252385
231,EX_co2_e,0.0,0.0,,0.02197944688217085,25.228468479604658,,-1.049872958257713,-8.149875253557674
232,EX_co2_e,0.0,0.0,,0.02197944688216975,25.228468479603404,,-1.049872958257713,-7.793640846862965
233,EX_co2_e,0.0,0.0,,0.021979446882171808,25.228468479605766,,-1.049872958257713,-7.437406440168256
234,EX_co2_e,0.0,0.0,,0.021979446882171672,25.22846847960561,,-1.049872958257713,-7.081172033473546
235,EX_co2_e,0.0,0.0,,0.0207926640970132,23.866254396238702,,-1.049872958257713,-6.7249376267788366
236,EX_co2_e,0.0,0.0,,0.008206760557655419,9.41989128108684,,-1.049872958257713,-6.368703220084127
237,EX_co2_e,,,,,,,-1.049872958257713,-6.012468813389417
238,EX_co2_e,,,,,,,-1.049872958257713,-5.656234406694708
239,EX_co2_e,,,,,,,-1.049872958257713,-5.299999999999998
240,EX_co2_e,,,,,,,-0.9186388384754989,-12.06845372719948
241,EX_co2_e,,,,,,,-0.9186388384754989,-11.71221932050477
242,EX_co2_e,,,,,,,-0.9186388384754989,-11.35598491381006
243,EX_co2_e,,,,,,,-0.9186388384754989,-10.999750507115351
244,EX_co2_e,,,,,,,-0.9186388384754989,-10.64351610042064
245,EX_co2_e,0.0,5.046296814023672e-27,,0.019232016021900798,25.228468479606377,,-0.9186388384754989,-10.287281693725932
246,EX_co2_e,0.0,0.0,,0.019232016021899365,25.228468479604494,,-0.9186388384754989,-9.931047287031223
247,EX_co2_e,0.0,0.0,,0.019232016021897804,25.22846847960246,,-0.9186388384754989,-9.574812880336513
248,EX_co2_e,0.0,0.0,,0.01923201602189971,25.22846847960493,,-0.9186388384754989,-9.218578473641802
249,EX_co2_e,0.0,0.0,,0.01923201602189797,25.22846847960267,,-0.9186388384754989,-8.862344066947093
250,EX_co2_e,0.0,0.0,,0.019232016021902047,25.22846847960802,,-0.9186388384754989,-8.506109660252385
251,EX_co2_e,0.0,0.0,,0.019232016021901957,25.2284684796079,,-0.9186388384754989,-8.149875253557674
252,EX_co2_e,0.0,0.0,,0.01923201602190188,25.22846847960781,,-0.9186388384754989,-7.793640846862965
253,EX_co2_e,0.0,0.0,,0.019232016021901846,25.22846847960775,,-0.9186388384754989,-7.437406440168256
254,EX_co2_e,0.0,0.0,,0.019232016021901208,25.228468479606914,,-0.9186388384754989,-7.081172033473546
255,EX_co2_e,0.0,0.0,,0.0192320160219017,25.22846847960756,,-0.9186388384754989,-6.7249376267788366
256,EX_co2_e,0.0,0.0,,0.012278542734495803,16.106934811200887,,-0.9186388384754989,-6.368703220084127
257,EX_co2_e,,,,,,,-0.9186388384754989,-6.012468813389417
258,EX_co2_e,,,,,,,-0.9186388384754989,-5.656234406694708
259,EX_co2_e,,,,,,,-0.9186388384754989,-5.299999999999998
260,EX_co2_e,,,,,,,-0.7874047186932849,-12.06845372719948
261,EX_co2_e,,,,,,,-0.7874047186932849,-11.71221932050477
262,EX_co2_e,,,,,,,-0.7874047186932849,-11.35598491381006
263,EX_co2_e,,,,,,,-0.7874047186932849,-10.999750507115351
264,EX_co2_e,0.0,6.274340630898172e-13,,0.016484585161630774,25.228468479608665,,-0.7874047186932849,-10.64351610042064
265,EX_co2_e,0.0,0.0,,0.0164845851616273,25.228468479603368,,-0.7874047186932849,-10.287281693725932
266,EX_co2_e,0.0,0.0,,0.01648458516162728,25.228468479603336,,-0.7874047186932849,-9.931047287031223
267,EX_co2_e,0.0,0.0,,0.01648458516162722,25.22846847960325,,-0.7874047186932849,-9.574812880336513
268,EX_co2_e,0.0,0.0,,0.01648458516162739,25.228468479603503,,-0.7874047186932849,-9.218578473641802
269,EX_co2_e,0.0,0.0,,0.01648458516162838,25.22846847960501,,-0.7874047186932849,-8.862344066947093
270,EX_co2_e,0.0,0.0,,0.01648458516162832,25.22846847960492,,-0.7874047186932849,-8.506109660252385
271,EX_co2_e,0.0,0.0,,0.016484585161628255,25.22846847960482,,-0.7874047186932849,-8.149875253557674
272,EX_co2_e,0.0,0.0,,0.016484585161628207,25.228468479604746,,-0.7874047186932849,-7.793640846862965
273,EX_co2_e,0.0,0.0,,0.016484585161628255,25.22846847960482,,-0.7874047186932849,-7.437406440168256
274,EX_co2_e,0.0,0.0,,0.016484585161628207,25.228468479604746,,-0.7874047186932849,-7.081172033473546
275,EX_co2_e,0.0,0.0,,0.01648458516162832,25.22846847960492,,-0.7874047186932849,-6.7249376267788366
276,EX_co2_e,0.0,0.0,,0.015594498072758924,23.866254396237203,,-0.7874047186932849,-6.368703220084127
277,EX_co2_e,0.0,0.0,,0.0023105931384788257,3.5361961245463616,,-0.7874047186932849,-6.012468813389417
278,EX_co2_e,,,,,,,-0.7874047186932849,-5.656234406694708
279,EX_co2_e,,,,,,,-0.7874047186932849,-5.299999999999998
280,EX_co2_e,,,,,,,-0.6561705989110707,-12.06845372719948
281,EX_co2_e,,,,,,,-0.6561705989110707,-11.71221932050477
282,EX_co2_e,,,,,,,-0.6561705989110707,-11.35598491381006
283,EX_co2_e,,,,,,,-0.6561705989110707,-10.999750507115351
284,EX_co2_e,0.0,2.69009851911587e-28,,0.01373715430135649,25.22846847960412,,-0.6561705989110707,-10.64351610042064
285,EX_co2_e,0.0,0.0,,0.013737154301355171,25.228468479601723,,-0.6561705989110707,-10.287281693725932
286,EX_co2_e,0.0,0.0,,0.013737154301356967,25.22846847960501,,-0.6561705989110707,-9.931047287031223
287,EX_co2_e,0.0,0.0,,0.013737154301358816,25.228468479608402,,-0.6561705989110707,-9.574812880336513
288,EX_co2_e,0.0,0.0,,0.013737154301355033,25.228468479601467,,-0.6561705989110707,-9.218578473641802
289,EX_co2_e,0.0,0.0,,0.013737154301355112,25.228468479601613,,-0.6561705989110707,-8.862344066947093
290,EX_co2_e,0.0,0.0,,0.013737154301355716,25.228468479602718,,-0.6561705989110707,-8.506109660252385
291,EX_co2_e,0.0,0.0,,0.013737154301355189,25.22846847960176,,-0.6561705989110707,-8.149875253557674
292,EX_co2_e,0.0,0.0,,0.013737154301354736,25.228468479600906,,-0.6561705989110707,-7.793640846862965
293,EX_co2_e,0.0,0.0,,0.01373715430135528,25.22846847960192,,-0.6561705989110707,-7.437406440168256
294,EX_co2_e,0.0,0.0,,0.013737154301355917,25.228468479603098,,-0.6561705989110707,-7.081172033473546
295,EX_co2_e,0.0,0.0,,0.013737154301356518,25.22846847960417,,-0.6561705989110707,-6.7249376267788366
296,EX_co2_e,0.0,0.0,,0.013737154301356023,25.228468479603283,,-0.6561705989110707,-6.368703220084127
297,EX_co2_e,0.0,0.0,,0.007051463988414137,12.950108375007682,,-0.6561705989110707,-6.012468813389417
298,EX_co2_e,,,,,,,-0.6561705989110707,-5.656234406694708
299,EX_co2_e,,,,,,,-0.6561705989110707,-5.299999999999998
300,EX_co2_e,,,,,,,-0.5249364791288567,-12.06845372719948
301,EX_co2_e,,,,,,,-0.5249364791288567,-11.71221932050477
302,EX_co2_e,,,,,,,-0.5249364791288567,-11.35598491381006
303,EX_co2_e,0.0,1.7207942401226418e-26,,0.010989723441085203,25.22846847960415,,-0.5249364791288567,-10.999750507115351
304,EX_co2_e,0.0,0.0,,0.010989723441084698,25.228468479603,,-0.5249364791288567,-10.64351610042064
305,EX_co2_e,0.0,0.0,,0.010989723441085819,25.228468479605567,,-0.5249364791288567,-10.287281693725932
306,EX_co2_e,0.0,0.0,,0.010989723441085885,25.228468479605716,,-0.5249364791288567,-9.931047287031223
307,EX_co2_e,0.0,0.0,,0.010989723441085885,25.228468479605716,,-0.5249364791288567,-9.574812880336513
308,EX_co2_e,0.0,0.0,,0.010989723441085788,25.228468479605493,,-0.5249364791288567,-9.218578473641802
309,EX_co2_e,0.0,0.0,,0.010989723441080498,25.22846847959336,,-0.5249364791288567,-8.862344066947093
310,EX_co2_e,0.0,0.0,,0.01098972344108071,25.228468479593843,,-0.5249364791288567,-8.506109660252385
311,EX_co2_e,0.0,0.0,,0.010989723441080875,25.22846847959422,,-0.5249364791288567,-8.149875253557674
312,EX_co2_e,0.0,0.0,,0.010989723441081402,25.228468479595435,,-0.5249364791288567,-7.793640846862965
313,EX_co2_e,0.0,0.0,,0.010989723441081588,25.228468479595865,,-0.5249364791288567,-7.437406440168256
314,EX_co2_e,0.0,0.0,,0.010989723441081782,25.228468479596312,,-0.5249364791288567,-7.081172033473546
315,EX_co2_e,0.0,0.0,,0.010989723441081414,25.22846847959546,,-0.5249364791288567,-6.7249376267788366
316,EX_co2_e,0.0,0.0,,0.010989723441082455,25.228468479597858,,-0.5249364791288567,-6.368703220084127
317,EX_co2_e,0.0,0.0,,0.010396332048507283,23.866254396240254,,-0.5249364791288567,-6.012468813389417
318,EX_co2_e,,,,,,,-0.5249364791288567,-5.656234406694708
319,EX_co2_e,,,,,,,-0.5249364791288567,-5.299999999999998
320,EX_co2_e,,,,,,,-0.39370235934664244,-12.06845372719948
321,EX_co2_e,,,,,,,-0.39370235934664244,-11.71221932050477
322,EX_co2_e,0.0,3.220981609865734e-26,,0.008242292580814473,25.22846847960588,,-0.39370235934664244,-11.35598491381006
323,EX_co2_e,0.0,0.0,,0.008242292580814629,25.22846847960635,,-0.39370235934664244,-10.999750507115351
324,EX_co2_e,0.0,0.0,,0.008242292580813517,25.22846847960297,,-0.39370235934664244,-10.64351610042064
325,EX_co2_e,0.0,0.0,,0.00824229258081188,25.228468479597957,,-0.39370235934664244,-10.287281693725932
326,EX_co2_e,0.0,0.0,,0.008242292580811557,25.22846847959697,,-0.39370235934664244,-9.931047287031223
327,EX_co2_e,0.0,0.0,,0.008242292580811392,25.228468479596472,,-0.39370235934664244,-9.574812880336513
328,EX_co2_e,0.0,0.0,,0.00824229258081221,25.228468479598973,,-0.39370235934664244,-9.218578473641802
329,EX_co2_e,0.0,0.0,,0.008242292580815196,25.228468479608082,,-0.39370235934664244,-8.862344066947093
330,EX_co2_e,0.0,0.0,,0.008242292580814868,25.228468479607077,,-0.39370235934664244,-8.506109660252385
331,EX_co2_e,0.0,0.0,,0.008242292580814457,25.228468479605834,,-0.39370235934664244,-8.149875253557674
332,EX_co2_e,0.0,0.0,,0.008242292580815245,25.22846847960823,,-0.39370235934664244,-7.793640846862965
333,EX_co2_e,0.0,0.0,,0.008242292580815968,25.228468479610473,,-0.39370235934664244,-7.437406440168256
334,EX_co2_e,0.0,0.0,,0.008242292580814497,25.22846847960595,,-0.39370235934664244,-7.081172033473546
335,EX_co2_e,0.0,0.0,,0.00824229258081307,25.228468479601595,,-0.39370235934664244,-6.7249376267788366
336,EX_co2_e,0.0,0.0,,0.008242292580814952,25.228468479607344,,-0.39370235934664244,-6.368703220084127
337,EX_co2_e,0.0,0.0,,0.008242292580814497,25.22846847960595,,-0.39370235934664244,-6.012468813389417
338,EX_co2_e,0.0,0.0,,0.0011552965692393806,3.536196124546262,,-0.39370235934664244,-5.656234406694708
339,EX_co2_e,,,,,,,-0.39370235934664244,-5.299999999999998
340,EX_co2_e,,,,,,,-0.26246823956442844,-12.06845372719948
341,EX_co2_e,,,,,,,-0.26246823956442844,-11.71221932050477
342,EX_co2_e,0.0,8.659396447567589e-29,,0.00549486172054871,25.2284684796322,,-0.26246823956442844,-11.35598491381006
343,EX_co2_e,0.0,0.0,,0.0054948617205427775,25.228468479604945,,-0.26246823956442844,-10.999750507115351
344,EX_co2_e,0.0,0.0,,0.00549486172054529,25.228468479616478,,-0.26246823956442844,-10.64351610042064
345,EX_co2_e,0.0,0.0,,0.0054948617205446545,25.228468479613554,,-0.26246823956442844,-10.287281693725932
346,EX_co2_e,0.0,0.0,,0.005494861720542958,25.228468479605777,,-0.26246823956442844,-9.931047287031223
347,EX_co2_e,0.0,0.0,,0.00549486172054221,25.228468479602338,,-0.26246823956442844,-9.574812880336513
348,EX_co2_e,0.0,0.0,,0.00549486172054118,25.228468479597623,,-0.26246823956442844,-9.218578473641802
349,EX_co2_e,0.0,0.0,,0.0054948617205445305,25.22846847961298,,-0.26246823956442844,-8.862344066947093
350,EX_co2_e,0.0,0.0,,0.005494861720542058,25.22846847960164,,-0.26246823956442844,-8.506109660252385
351,EX_co2_e,0.0,0.0,,0.0054948617205423135,25.228468479602814,,-0.26246823956442844,-8.149875253557674
352,EX_co2_e,0.0,0.0,,0.005494861720542346,25.22846847960297,,-0.26246823956442844,-7.793640846862965
353,EX_co2_e,0.0,0.0,,0.0054948617205445045,25.228468479612868,,-0.26246823956442844,-7.437406440168256
354,EX_co2_e,0.0,0.0,,0.005494861720541461,25.228468479598913,,-0.26246823956442844,-7.081172033473546
355,EX_co2_e,0.0,0.0,,0.005494861720543356,25.228468479607592,,-0.26246823956442844,-6.7249376267788366
356,EX_co2_e,0.0,0.0,,0.005494861720539503,25.228468479589917,,-0.26246823956442844,-6.368703220084127
357,EX_co2_e,0.0,0.0,,0.0054948617205435426,25.228468479608466,,-0.26246823956442844,-6.012468813389417
358,EX_co2_e,0.0,0.0,,0.005198166024251886,23.866254396232197,,-0.26246823956442844,-5.656234406694708
359,EX_co2_e,,,,,,,-0.26246823956442844,-5.299999999999998
360,EX_co2_e,,,,,,,-0.131234119782214,-12.06845372719948
361,EX_co2_e,0.0,2.581558912812801e-25,,0.0027474308602570443,25.228468479473268,,-0.131234119782214,-11.71221932050477
362,EX_co2_e,0.0,0.0,,0.00274743086027405,25.22846847962944,,-0.131234119782214,-11.35598491381006
363,EX_co2_e,0.0,0.0,,0.0027474308602739345,25.228468479628372,,-0.131234119782214,-10.999750507115351
364,EX_co2_e,0.0,0.0,,0.0027474308602716815,25.228468479607663,,-0.131234119782214,-10.64351610042064
365,EX_co2_e,0.0,0.0,,0.0027474308602717826,25.228468479608612,,-0.131234119782214,-10.287281693725932
366,EX_co2_e,0.0,0.0,,0.0027474308602709963,25.228468479601393,,-0.131234119782214,-9.931047287031223
367,EX_co2_e,0.0,0.0,,0.002747430860271062,25.228468479601997,,-0.131234119782214,-9.574812880336513
368,EX_co2_e,0.0,0.0,,0.0027474308602709963,25.228468479601393,,-0.131234119782214,-9.218578473641802
369,EX_co2_e,0.0,0.0,,0.002747430860270924,25.22846847960072,,-0.131234119782214,-8.862344066947093
370,EX_co2_e,0.0,0.0,,0.002747430860270971,25.228468479601162,,-0.131234119782214,-8.506109660252385
371,EX_co2_e,0.0,0.0,,0.002747430860270971,25.228468479601162,,-0.131234119782214,-8.149875253557674
372,EX_co2_e,0.0,0.0,,0.0027474308602707842,25.228468479599446,,-0.131234119782214,-7.793640846862965
373,EX_co2_e,0.0,0.0,,0.002747430860270971,25.228468479601162,,-0.131234119782214,-7.437406440168256
374,EX_co2_e,0.0,0.0,,0.00274743086027076,25.228468479599226,,-0.131234119782214,-7.081172033473546
375,EX_co2_e,0.0,0.0,,0.002747430860270865,25.22846847960019,,-0.131234119782214,-6.7249376267788366
376,EX_co2_e,0.0,0.0,,0.0027474308602708835,25.228468479600362,,-0.131234119782214,-6.368703220084127
377,EX_co2_e,0.0,0.0,,0.0027474308602707096,25.228468479598764,,-0.131234119782214,-6.012468813389417
378,EX_co2_e,0.0,0.0,,0.0027474308602718606,25.228468479609322,,-0.131234119782214,-5.656234406694708
379,EX_co2_e,,,,,,,-0.131234119782214,-5.299999999999998
380,EX_co2_e,0.0,,,0.0,,,0.0,-12.06845372719948
381,EX_co2_e,0.0,,,0.0,,,0.0,-11.71221932050477
382,EX_co2_e,0.0,,,0.0,,,0.0,-11.35598491381006
383,EX_co2_e,0.0,,,0.0,,,0.0,-10.999750507115351
384,EX_co2_e,0.0,,,0.0,,,0.0,-10.64351610042064
385,EX_co2_e,0.0,,,0.0,,,0.0,-10.287281693725932
386,EX_co2_e,0.0,,,0.0,,,0.0,-9.931047287031223
387,EX_co2_e,0.0,,,0.0,,,0.0,-9.574812880336513
388,EX_co2_e,0.0,,,0.0,,,0.0,-9.218578473641802
389,EX_co2_e,0.0,,,0.0,,,0.0,-8.862344066947093
390,EX_co2_e,0.0,,,0.0,,,0.0,-8.506109660252385
391,EX_co2_e,0.0,,,0.0,,,0.0,-8.149875253557674
392,EX_co2_e,0.0,,,0.0,,,0.0,-7.793640846862965
393,EX_co2_e,0.0,,,0.0,,,0.0,-7.437406440168256
394,EX_co2_e,0.0,,,0.0,,,0.0,-7.081172033473546
395,EX_co2_e,0.0,,,0.0,,,0.0,-6.7249376267788366
396,EX_co2_e,0.0,,,0.0,,,0.0,-6.368703220084127
397,EX_co2_e,0.0,,,0.0,,,0.0,-6.012468813389417
398,EX_co2_e,0.0,,,0.0,,,0.0,-5.656234406694708
399,EX_co2_e,0.0,,,0.0,,,0.0,-5.299999999999998
