,carbon_source,flux_minimum,carbon_yield_minimum,mass_yield_minimum,flux_maximum,carbon_yield_maximum,mass_yield_maximum,EX_h2_e,EX_o2_e
0,EX_co2_e,0.0,,,0.0,,,-77.37783760955878,-38.688918804779384
1,EX_co2_e,,,,,,,-77.37783760955878,-36.93160728873836
2,EX_co2_e,,,,,,,-77.37783760955878,-35.17429577269734
3,EX_co2_e,,,,,,,-77.37783760955878,-33.41698425665632
4,EX_co2_e,,,,,,,-77.37783760955878,-31.659672740615303
5,EX_co2_e,,,,,,,-77.37783760955878,-29.902361224574282
6,EX_co2_e,,,,,,,-77.37783760955878,-28.14504970853326
7,EX_co2_e,,,,,,,-77.37783760955878,-26.387738192492243
8,EX_co2_e,,,,,,,-77.37783760955878,-24.630426676451222
9,EX_co2_e,,,,,,,-77.37783760955878,-22.8731151604102
10,EX_co2_e,,,,,,,-77.37783760955878,-21.11580364436918
11,EX_co2_e,,,,,,,-77.37783760955878,-19.35849212832816
12,EX_co2_e,,,,,,,-77.37783760955878,-17.601180612287138
13,EX_co2_e,,,,,,,-77.37783760955878,-15.843869096246117
14,EX_co2_e,,,,,,,-77.37783760955878,-14.086557580205099
15,EX_co2_e,,,,,,,-77.37783760955878,-12.329246064164078
16,EX_co2_e,,,,,,,-77.37783760955878,-10.571934548123057
17,EX_co2_e,,,,,,,-77.37783760955878,-8.814623032082036
18,EX_co2_e,,,,,,,-77.37783760955878,-7.057311516041015
19,EX_co2_e,,,,,,,-77.37783760955878,-5.299999999999999
20,EX_co2_e,,,,,,,-73.86321457747674,-38.688918804779384
21,EX_co2_e,0.0,,,0.002234676737999162,9.374135826350502,,-73.86321457747674,-36.93160728873836
22,EX_co2_e,,,,,,,-73.86321457747674,-35.17429577269734
23,EX_co2_e,,,,,,,-73.86321457747674,-33.41698425665632
24,EX_co2_e,,,,,,,-73.86321457747674,-31.659672740615303
25,EX_co2_e,,,,,,,-73.86321457747674,-29.902361224574282
26,EX_co2_e,,,,,,,-73.86321457747674,-28.14504970853326
27,EX_co2_e,,,,,,,-73.86321457747674,-26.387738192492243
28,EX_co2_e,,,,,,,-73.86321457747674,-24.630426676451222
29,EX_co2_e,,,,,,,-73.86321457747674,-22.8731151604102
30,EX_co2_e,,,,,,,-73.86321457747674,-21.11580364436918
31,EX_co2_e,,,,,,,-73.86321457747674,-19.35849212832816
32,EX_co2_e,,,,,,,-73.86321457747674,-17.601180612287138
33,EX_co2_e,,,,,,,-73.86321457747674,-15.843869096246117
34,EX_co2_e,,,,,,,-73.86321457747674,-14.086557580205099
35,EX_co2_e,,,,,,,-73.86321457747674,-12.329246064164078
36,EX_co2_e,,,,,,,-73.86321457747674,-10.571934548123057
37,EX_co2_e,,,,,,,-73.86321457747674,-8.814623032082036
38,EX_co2_e,,,,,,,-73.86321457747674,-7.057311516041015
39,EX_co2_e,,,,,,,-73.86321457747674,-5.299999999999999
40,EX_co2_e,,,,,,,-70.3485915453947,-38.688918804779384
41,EX_co2_e,,,,,,,-70.3485915453947,-36.93160728873836
42,EX_co2_e,0.0,0.0,,0.004469353475913934,9.374135826359439,,-70.3485915453947,-35.17429577269734
43,EX_co2_e,,,,,,,-70.3485915453947,-33.41698425665632
44,EX_co2_e,,,,,,,-70.3485915453947,-31.659672740615303
45,EX_co2_e,,,,,,,-70.3485915453947,-29.902361224574282
46,EX_co2_e,,,,,,,-70.3485915453947,-28.14504970853326
47,EX_co2_e,,,,,,,-70.3485915453947,-26.387738192492243
48,EX_co2_e,,,,,,,-70.3485915453947,-24.630426676451222
49,EX_co2_e,,,,,,,-70.3485915453947,-22.8731151604102
50,EX_co2_e,,,,,,,-70.3485915453947,-21.11580364436918
51,EX_co2_e,,,,,,,-70.3485915453947,-19.35849212832816
52,EX_co2_e,,,,,,,-70.3485915453947,-17.601180612287138
53,EX_co2_e,,,,,,,-70.3485915453947,-15.843869096246117
54,EX_co2_e,,,,,,,-70.3485915453947,-14.086557580205099
55,EX_co2_e,,,,,,,-70.3485915453947,-12.329246064164078
56,EX_co2_e,,,,,,,-70.3485915453947,-10.571934548123057
57,EX_co2_e,,,,,,,-70.3485915453947,-8.814623032082036
58,EX_co2_e,,,,,,,-70.3485915453947,-7.057311516041015
59,EX_co2_e,,,,,,,-70.3485915453947,-5.299999999999999
60,EX_co2_e,,,,,,,-66.83396851331266,-38.688918804779384
61,EX_co2_e,,,,,,,-66.83396851331266,-36.93160728873836
62,EX_co2_e,,,,,,,-66.83396851331266,-35.17429577269734
63,EX_co2_e,0.0,4.835225944391085e-15,,0.006648773524772706,9.374135826357579,,-66.83396851331266,-33.41698425665632
64,EX_co2_e,,,,,,,-66.83396851331266,-31.659672740615303
65,EX_co2_e,,,,,,,-66.83396851331266,-29.902361224574282
66,EX_co2_e,,,,,,,-66.83396851331266,-28.14504970853326
67,EX_co2_e,,,,,,,-66.83396851331266,-26.387738192492243
68,EX_co2_e,,,,,,,-66.83396851331266,-24.630426676451222
69,EX_co2_e,,,,,,,-66.83396851331266,-22.8731151604102
70,EX_co2_e,,,,,,,-66.83396851331266,-21.11580364436918
71,EX_co2_e,,,,,,,-66.83396851331266,-19.35849212832816
72,EX_co2_e,,,,,,,-66.83396851331266,-17.601180612287138
73,EX_co2_e,,,,,,,-66.83396851331266,-15.843869096246117
74,EX_co2_e,,,,,,,-66.83396851331266,-14.086557580205099
75,EX_co2_e,,,,,,,-66.83396851331266,-12.329246064164078
76,EX_co2_e,,,,,,,-66.83396851331266,-10.571934548123057
77,EX_co2_e,,,,,,,-66.83396851331266,-8.814623032082036
78,EX_co2_e,,,,,,,-66.83396851331266,-7.057311516041015
79,EX_co2_e,,,,,,,-66.83396851331266,-5.299999999999999
80,EX_co2_e,,,,,,,-63.31934548123061,-38.688918804779384
81,EX_co2_e,,,,,,,-63.31934548123061,-36.93160728873836
82,EX_co2_e,,,,,,,-63.31934548123061,-35.17429577269734
83,EX_co2_e,,,,,,,-63.31934548123061,-33.41698425665632
84,EX_co2_e,0.0,17.102404574433407,,0.008459587543734515,9.37413582636591,,-63.31934548123061,-31.659672740615303
85,EX_co2_e,,,,,,,-63.31934548123061,-29.902361224574282
86,EX_co2_e,,,,,,,-63.31934548123061,-28.14504970853326
87,EX_co2_e,,,,,,,-63.31934548123061,-26.387738192492243
88,EX_co2_e,,,,,,,-63.31934548123061,-24.630426676451222
89,EX_co2_e,,,,,,,-63.31934548123061,-22.8731151604102
90,EX_co2_e,,,,,,,-63.31934548123061,-21.11580364436918
91,EX_co2_e,,,,,,,-63.31934548123061,-19.35849212832816
92,EX_co2_e,,,,,,,-63.31934548123061,-17.601180612287138
93,EX_co2_e,,,,,,,-63.31934548123061,-15.843869096246117
94,EX_co2_e,,,,,,,-63.31934548123061,-14.086557580205099
95,EX_co2_e,,,,,,,-63.31934548123061,-12.329246064164078
96,EX_co2_e,,,,,,,-63.31934548123061,-10.571934548123057
97,EX_co2_e,,,,,,,-63.31934548123061,-8.814623032082036
98,EX_co2_e,,,,,,,-63.31934548123061,-7.057311516041015
99,EX_co2_e,,,,,,,-63.31934548123061,-5.299999999999999
100,EX_co2_e,,,,,,,-59.80472244914857,-38.688918804779384
101,EX_co2_e,,,,,,,-59.80472244914857,-36.93160728873836
102,EX_co2_e,,,,,,,-59.80472244914857,-35.17429577269734
103,EX_co2_e,,,,,,,-59.80472244914857,-33.41698425665632
104,EX_co2_e,,,,,,,-59.80472244914857,-31.659672740615303
105,EX_co2_e,0.0,3.883964155241627,,0.010270401562671724,9.37413582634549,,-59.80472244914857,-29.902361224574282
106,EX_co2_e,,,,,,,-59.80472244914857,-28.14504970853326
107,EX_co2_e,,,,,,,-59.80472244914857,-26.387738192492243
108,EX_co2_e,,,,,,,-59.80472244914857,-24.630426676451222
109,EX_co2_e,,,,,,,-59.80472244914857,-22.8731151604102
110,EX_co2_e,,,,,,,-59.80472244914857,-21.11580364436918
111,EX_co2_e,,,,,,,-59.80472244914857,-19.35849212832816
112,EX_co2_e,,,,,,,-59.80472244914857,-17.601180612287138
113,EX_co2_e,,,,,,,-59.80472244914857,-15.843869096246117
114,EX_co2_e,,,,,,,-59.80472244914857,-14.086557580205099
115,EX_co2_e,,,,,,,-59.80472244914857,-12.329246064164078
116,EX_co2_e,,,,,,,-59.80472244914857,-10.571934548123057
117,EX_co2_e,,,,,,,-59.80472244914857,-8.814623032082036
118,EX_co2_e,,,,,,,-59.80472244914857,-7.057311516041015
119,EX_co2_e,,,,,,,-59.80472244914857,-5.299999999999999
120,EX_co2_e,,,,,,,-56.290099417066536,-38.688918804779384
121,EX_co2_e,,,,,,,-56.290099417066536,-36.93160728873836
122,EX_co2_e,,,,,,,-56.290099417066536,-35.17429577269734
123,EX_co2_e,,,,,,,-56.290099417066536,-33.41698425665632
124,EX_co2_e,,,,,,,-56.290099417066536,-31.659672740615303
125,EX_co2_e,,,,,,,-56.290099417066536,-29.902361224574282
126,EX_co2_e,0.0,25.11701003104496,,0.0120812155816422,9.374135826358192,,-56.290099417066536,-28.14504970853326
127,EX_co2_e,0.0,1.998897278272462e-29,,0.00447522263185666,1.4959044140429878,,-56.290099417066536,-26.387738192492243
128,EX_co2_e,,,,,,,-56.290099417066536,-24.630426676451222
129,EX_co2_e,,,,,,,-56.290099417066536,-22.8731151604102
130,EX_co2_e,,,,,,,-56.290099417066536,-21.11580364436918
131,EX_co2_e,,,,,,,-56.290099417066536,-19.35849212832816
132,EX_co2_e,,,,,,,-56.290099417066536,-17.601180612287138
133,EX_co2_e,,,,,,,-56.290099417066536,-15.843869096246117
134,EX_co2_e,,,,,,,-56.290099417066536,-14.086557580205099
135,EX_co2_e,,,,,,,-56.290099417066536,-12.329246064164078
136,EX_co2_e,,,,,,,-56.290099417066536,-10.571934548123057
137,EX_co2_e,,,,,,,-56.290099417066536,-8.814623032082036
138,EX_co2_e,,,,,,,-56.290099417066536,-7.057311516041015
139,EX_co2_e,,,,,,,-56.290099417066536,-5.299999999999999
140,EX_co2_e,,,,,,,-52.77547638498449,-38.688918804779384
141,EX_co2_e,,,,,,,-52.77547638498449,-36.93160728873836
142,EX_co2_e,,,,,,,-52.77547638498449,-35.17429577269734
143,EX_co2_e,,,,,,,-52.77547638498449,-33.41698425665632
144,EX_co2_e,,,,,,,-52.77547638498449,-31.659672740615303
145,EX_co2_e,,,,,,,-52.77547638498449,-29.902361224574282
146,EX_co2_e,,,,,,,-52.77547638498449,-28.14504970853326
147,EX_co2_e,0.0,,,0.013884484797941032,9.374135826357186,,-52.77547638498449,-26.387738192492243
148,EX_co2_e,0.0,3.5674826909314185e-29,,0.02582526890949919,7.4615538004450155,,-52.77547638498449,-24.630426676451222
149,EX_co2_e,,,,,,,-52.77547638498449,-22.8731151604102
150,EX_co2_e,,,,,,,-52.77547638498449,-21.11580364436918
151,EX_co2_e,,,,,,,-52.77547638498449,-19.35849212832816
152,EX_co2_e,,,,,,,-52.77547638498449,-17.601180612287138
153,EX_co2_e,,,,,,,-52.77547638498449,-15.843869096246117
154,EX_co2_e,,,,,,,-52.77547638498449,-14.086557580205099
155,EX_co2_e,,,,,,,-52.77547638498449,-12.329246064164078
156,EX_co2_e,,,,,,,-52.77547638498449,-10.571934548123057
157,EX_co2_e,,,,,,,-52.77547638498449,-8.814623032082036
158,EX_co2_e,,,,,,,-52.77547638498449,-7.057311516041015
159,EX_co2_e,,,,,,,-52.77547638498449,-5.299999999999999
160,EX_co2_e,,,,,,,-49.26085335290245,-38.688918804779384
161,EX_co2_e,,,,,,,-49.26085335290245,-36.93160728873836
162,EX_co2_e,,,,,,,-49.26085335290245,-35.17429577269734
163,EX_co2_e,,,,,,,-49.26085335290245,-33.41698425665632
164,EX_co2_e,,,,,,,-49.26085335290245,-31.659672740615303
165,EX_co2_e,,,,,,,-49.26085335290245,-29.902361224574282
166,EX_co2_e,,,,,,,-49.26085335290245,-28.14504970853326
167,EX_co2_e,,,,,,,-49.26085335290245,-26.387738192492243
168,EX_co2_e,0.0,10.836722023571523,,0.015663213704042826,9.374135826356865,,-49.26085335290245,-24.630426676451222
169,EX_co2_e,0.0,3.568914826536164e-29,,0.035113028419856744,9.374135826357572,,-49.26085335290245,-22.8731151604102
170,EX_co2_e,,,,,,,-49.26085335290245,-21.11580364436918
171,EX_co2_e,,,,,,,-49.26085335290245,-19.35849212832816
172,EX_co2_e,,,,,,,-49.26085335290245,-17.601180612287138
173,EX_co2_e,,,,,,,-49.26085335290245,-15.843869096246117
174,EX_co2_e,,,,,,,-49.26085335290245,-14.086557580205099
175,EX_co2_e,,,,,,,-49.26085335290245,-12.329246064164078
176,EX_co2_e,,,,,,,-49.26085335290245,-10.571934548123057
177,EX_co2_e,,,,,,,-49.26085335290245,-8.814623032082036
178,EX_co2_e,,,,,,,-49.26085335290245,-7.057311516041015
179,EX_co2_e,,,,,,,-49.26085335290245,-5.299999999999999
180,EX_co2_e,,,,,,,-45.74623032082041,-38.688918804779384
181,EX_co2_e,,,,,,,-45.74623032082041,-36.93160728873836
182,EX_co2_e,,,,,,,-45.74623032082041,-35.17429577269734
183,EX_co2_e,,,,,,,-45.74623032082041,-33.41698425665632
184,EX_co2_e,,,,,,,-45.74623032082041,-31.659672740615303
185,EX_co2_e,,,,,,,-45.74623032082041,-29.902361224574282
186,EX_co2_e,,,,,,,-45.74623032082041,-28.14504970853326
187,EX_co2_e,,,,,,,-45.74623032082041,-26.387738192492243
188,EX_co2_e,,,,,,,-45.74623032082041,-24.630426676451222
189,EX_co2_e,0.0,,,0.01744194261014515,9.374135826356927,,-45.74623032082041,-22.8731151604102
190,EX_co2_e,0.0,2.1337852200238882e-13,,0.03689175732595723,9.37413582635698,,-45.74623032082041,-21.11580364436918
191,EX_co2_e,,,,,,,-45.74623032082041,-19.35849212832816
192,EX_co2_e,,,,,,,-45.74623032082041,-17.601180612287138
193,EX_co2_e,,,,,,,-45.74623032082041,-15.843869096246117
194,EX_co2_e,,,,,,,-45.74623032082041,-14.086557580205099
195,EX_co2_e,,,,,,,-45.74623032082041,-12.329246064164078
196,EX_co2_e,,,,,,,-45.74623032082041,-10.571934548123057
197,EX_co2_e,,,,,,,-45.74623032082041,-8.814623032082036
198,EX_co2_e,,,,,,,-45.74623032082041,-7.057311516041015
199,EX_co2_e,,,,,,,-45.74623032082041,-5.299999999999999
200,EX_co2_e,,,,,,,-42.23160728873837,-38.688918804779384
201,EX_co2_e,,,,,,,-42.23160728873837,-36.93160728873836
202,EX_co2_e,,,,,,,-42.23160728873837,-35.17429577269734
203,EX_co2_e,,,,,,,-42.23160728873837,-33.41698425665632
204,EX_co2_e,,,,,,,-42.23160728873837,-31.659672740615303
205,EX_co2_e,,,,,,,-42.23160728873837,-29.902361224574282
206,EX_co2_e,,,,,,,-42.23160728873837,-28.14504970853326
207,EX_co2_e,,,,,,,-42.23160728873837,-26.387738192492243
208,EX_co2_e,,,,,,,-42.23160728873837,-24.630426676451222
209,EX_co2_e,,,,,,,-42.23160728873837,-22.8731151604102
210,EX_co2_e,0.0,,,0.018544449681463383,9.374135826356618,,-42.23160728873837,-21.11580364436918
211,EX_co2_e,0.0,0.0,,0.03867048623205881,9.374135826356751,,-42.23160728873837,-19.35849212832816
212,EX_co2_e,,,,,,,-42.23160728873837,-17.601180612287138
213,EX_co2_e,,,,,,,-42.23160728873837,-15.843869096246117
214,EX_co2_e,,,,,,,-42.23160728873837,-14.086557580205099
215,EX_co2_e,,,,,,,-42.23160728873837,-12.329246064164078
216,EX_co2_e,,,,,,,-42.23160728873837,-10.571934548123057
217,EX_co2_e,,,,,,,-42.23160728873837,-8.814623032082036
218,EX_co2_e,,,,,,,-42.23160728873837,-7.057311516041015
219,EX_co2_e,,,,,,,-42.23160728873837,-5.299999999999999
220,EX_co2_e,,,,,,,-38.716984256656325,-38.688918804779384
221,EX_co2_e,,,,,,,-38.716984256656325,-36.93160728873836
222,EX_co2_e,,,,,,,-38.716984256656325,-35.17429577269734
223,EX_co2_e,,,,,,,-38.716984256656325,-33.41698425665632
224,EX_co2_e,,,,,,,-38.716984256656325,-31.659672740615303
225,EX_co2_e,,,,,,,-38.716984256656325,-29.902361224574282
226,EX_co2_e,,,,,,,-38.716984256656325,-28.14504970853326
227,EX_co2_e,,,,,,,-38.716984256656325,-26.387738192492243
228,EX_co2_e,,,,,,,-38.716984256656325,-24.630426676451222
229,EX_co2_e,,,,,,,-38.716984256656325,-22.8731151604102
230,EX_co2_e,,,,,,,-38.716984256656325,-21.11580364436918
231,EX_co2_e,0.0,,,0.019422071436707537,9.374135826356676,,-38.716984256656325,-19.35849212832816
232,EX_co2_e,0.0,9.48166759985275e-14,,0.04018148653785107,9.374135826355706,,-38.716984256656325,-17.601180612287138
233,EX_co2_e,,,,,,,-38.716984256656325,-15.843869096246117
234,EX_co2_e,,,,,,,-38.716984256656325,-14.086557580205099
235,EX_co2_e,,,,,,,-38.716984256656325,-12.329246064164078
236,EX_co2_e,,,,,,,-38.716984256656325,-10.571934548123057
237,EX_co2_e,,,,,,,-38.716984256656325,-8.814623032082036
238,EX_co2_e,,,,,,,-38.716984256656325,-7.057311516041015
239,EX_co2_e,,,,,,,-38.716984256656325,-5.299999999999999
240,EX_co2_e,,,,,,,-35.20236122457429,-38.688918804779384
241,EX_co2_e,,,,,,,-35.20236122457429,-36.93160728873836
242,EX_co2_e,,,,,,,-35.20236122457429,-35.17429577269734
243,EX_co2_e,,,,,,,-35.20236122457429,-33.41698425665632
244,EX_co2_e,,,,,,,-35.20236122457429,-31.659672740615303
245,EX_co2_e,,,,,,,-35.20236122457429,-29.902361224574282
246,EX_co2_e,,,,,,,-35.20236122457429,-28.14504970853326
247,EX_co2_e,,,,,,,-35.20236122457429,-26.387738192492243
248,EX_co2_e,,,,,,,-35.20236122457429,-24.630426676451222
249,EX_co2_e,,,,,,,-35.20236122457429,-22.8731151604102
250,EX_co2_e,,,,,,,-35.20236122457429,-21.11580364436918
251,EX_co2_e,,,,,,,-35.20236122457429,-19.35849212832816
252,EX_co2_e,0.0,1.7007878361873053e-13,,0.02029969319195169,9.374135826356909,,-35.20236122457429,-17.601180612287138
253,EX_co2_e,0.0,1.529110355189387e-20,,0.04105910829309684,9.374135826356325,,-35.20236122457429,-15.843869096246117
254,EX_co2_e,,,,,,,-35.20236122457429,-14.086557580205099
255,EX_co2_e,,,,,,,-35.20236122457429,-12.329246064164078
256,EX_co2_e,,,,,,,-35.20236122457429,-10.571934548123057
257,EX_co2_e,,,,,,,-35.20236122457429,-8.814623032082036
258,EX_co2_e,,,,,,,-35.20236122457429,-7.057311516041015
259,EX_co2_e,,,,,,,-35.20236122457429,-5.299999999999999
260,EX_co2_e,,,,,,,-31.687738192492247,-38.688918804779384
261,EX_co2_e,,,,,,,-31.687738192492247,-36.93160728873836
262,EX_co2_e,,,,,,,-31.687738192492247,-35.17429577269734
263,EX_co2_e,,,,,,,-31.687738192492247,-33.41698425665632
264,EX_co2_e,,,,,,,-31.687738192492247,-31.659672740615303
265,EX_co2_e,,,,,,,-31.687738192492247,-29.902361224574282
266,EX_co2_e,,,,,,,-31.687738192492247,-28.14504970853326
267,EX_co2_e,,,,,,,-31.687738192492247,-26.387738192492243
268,EX_co2_e,,,,,,,-31.687738192492247,-24.630426676451222
269,EX_co2_e,,,,,,,-31.687738192492247,-22.8731151604102
270,EX_co2_e,,,,,,,-31.687738192492247,-21.11580364436918
271,EX_co2_e,,,,,,,-31.687738192492247,-19.35849212832816
272,EX_co2_e,0.0,,,0.00041790008973743837,9.374135826425492,,-31.687738192492247,-17.601180612287138
273,EX_co2_e,0.0,0.0,,0.021177314947324898,9.374135826356492,,-31.687738192492247,-15.843869096246117
274,EX_co2_e,0.0,7.66444920676372e-16,,0.04193673003567306,9.374135826356712,,-31.687738192492247,-14.086557580205099
275,EX_co2_e,,,,,,,-31.687738192492247,-12.329246064164078
276,EX_co2_e,,,,,,,-31.687738192492247,-10.571934548123057
277,EX_co2_e,,,,,,,-31.687738192492247,-8.814623032082036
278,EX_co2_e,,,,,,,-31.687738192492247,-7.057311516041015
279,EX_co2_e,,,,,,,-31.687738192492247,-5.299999999999999
280,EX_co2_e,,,,,,,-28.173115160410205,-38.688918804779384
281,EX_co2_e,,,,,,,-28.173115160410205,-36.93160728873836
282,EX_co2_e,,,,,,,-28.173115160410205,-35.17429577269734
283,EX_co2_e,,,,,,,-28.173115160410205,-33.41698425665632
284,EX_co2_e,,,,,,,-28.173115160410205,-31.659672740615303
285,EX_co2_e,,,,,,,-28.173115160410205,-29.902361224574282
286,EX_co2_e,,,,,,,-28.173115160410205,-28.14504970853326
287,EX_co2_e,,,,,,,-28.173115160410205,-26.387738192492243
288,EX_co2_e,,,,,,,-28.173115160410205,-24.630426676451222
289,EX_co2_e,,,,,,,-28.173115160410205,-22.8731151604102
290,EX_co2_e,,,,,,,-28.173115160410205,-21.11580364436918
291,EX_co2_e,,,,,,,-28.173115160410205,-19.35849212832816
292,EX_co2_e,,,,,,,-28.173115160410205,-17.601180612287138
293,EX_co2_e,0.0,,,0.00018720015538624952,9.374135826556016,,-28.173115160410205,-15.843869096246117
294,EX_co2_e,0.0,,,0.021920672140582534,9.374135826356305,,-28.173115160410205,-14.086557580205099
295,EX_co2_e,0.0,1.802855448768899e-27,,0.042814351790648714,9.374135826355836,,-28.173115160410205,-12.329246064164078
296,EX_co2_e,0.0,2.915671702034832e-28,,0.01168745293224535,1.932968928917191,,-28.173115160410205,-10.571934548123057
297,EX_co2_e,,,,,,,-28.173115160410205,-8.814623032082036
298,EX_co2_e,,,,,,,-28.173115160410205,-7.057311516041015
299,EX_co2_e,,,,,,,-28.173115160410205,-5.299999999999999
300,EX_co2_e,,,,,,,-24.658492128328163,-38.688918804779384
301,EX_co2_e,,,,,,,-24.658492128328163,-36.93160728873836
302,EX_co2_e,,,,,,,-24.658492128328163,-35.17429577269734
303,EX_co2_e,,,,,,,-24.658492128328163,-33.41698425665632
304,EX_co2_e,,,,,,,-24.658492128328163,-31.659672740615303
305,EX_co2_e,,,,,,,-24.658492128328163,-29.902361224574282
306,EX_co2_e,,,,,,,-24.658492128328163,-28.14504970853326
307,EX_co2_e,,,,,,,-24.658492128328163,-26.387738192492243
308,EX_co2_e,,,,,,,-24.658492128328163,-24.630426676451222
309,EX_co2_e,,,,,,,-24.658492128328163,-22.8731151604102
310,EX_co2_e,,,,,,,-24.658492128328163,-21.11580364436918
311,EX_co2_e,,,,,,,-24.658492128328163,-19.35849212832816
312,EX_co2_e,,,,,,,-24.658492128328163,-17.601180612287138
313,EX_co2_e,,,,,,,-24.658492128328163,-15.843869096246117
314,EX_co2_e,,,,,,,-24.658492128328163,-14.086557580205099
315,EX_co2_e,0.0,,,0.021664023117259644,9.37413582635678,,-24.658492128328163,-12.329246064164078
316,EX_co2_e,0.0,4.149129090870032e-14,,0.04339749668516293,9.374135826356008,,-24.658492128328163,-10.571934548123057
317,EX_co2_e,0.0,0.0,,0.02623493910199826,4.111017376747632,,-24.658492128328163,-8.814623032082036
318,EX_co2_e,,,,,,,-24.658492128328163,-7.057311516041015
319,EX_co2_e,,,,,,,-24.658492128328163,-5.299999999999999
320,EX_co2_e,,,,,,,-21.14386909624612,-38.688918804779384
321,EX_co2_e,,,,,,,-21.14386909624612,-36.93160728873836
322,EX_co2_e,,,,,,,-21.14386909624612,-35.17429577269734
323,EX_co2_e,,,,,,,-21.14386909624612,-33.41698425665632
324,EX_co2_e,,,,,,,-21.14386909624612,-31.659672740615303
325,EX_co2_e,,,,,,,-21.14386909624612,-29.902361224574282
326,EX_co2_e,,,,,,,-21.14386909624612,-28.14504970853326
327,EX_co2_e,,,,,,,-21.14386909624612,-26.387738192492243
328,EX_co2_e,,,,,,,-21.14386909624612,-24.630426676451222
329,EX_co2_e,,,,,,,-21.14386909624612,-22.8731151604102
330,EX_co2_e,,,,,,,-21.14386909624612,-21.11580364436918
331,EX_co2_e,,,,,,,-21.14386909624612,-19.35849212832816
332,EX_co2_e,,,,,,,-21.14386909624612,-17.601180612287138
333,EX_co2_e,,,,,,,-21.14386909624612,-15.843869096246117
334,EX_co2_e,,,,,,,-21.14386909624612,-14.086557580205099
335,EX_co2_e,,,,,,,-21.14386909624612,-12.329246064164078
336,EX_co2_e,0.0,,,0.020168910174171044,9.37413582635704,,-21.14386909624612,-10.571934548123057
337,EX_co2_e,0.0,9.383624731499189e-29,,0.04207486063568481,9.37413582635628,,-21.14386909624612,-8.814623032082036
338,EX_co2_e,,,,,,,-21.14386909624612,-7.057311516041015
339,EX_co2_e,,,,,,,-21.14386909624612,-5.299999999999999
340,EX_co2_e,,,,,,,-17.62924606416408,-38.688918804779384
341,EX_co2_e,,,,,,,-17.62924606416408,-36.93160728873836
342,EX_co2_e,,,,,,,-17.62924606416408,-35.17429577269734
343,EX_co2_e,,,,,,,-17.62924606416408,-33.41698425665632
344,EX_co2_e,,,,,,,-17.62924606416408,-31.659672740615303
345,EX_co2_e,,,,,,,-17.62924606416408,-29.902361224574282
346,EX_co2_e,,,,,,,-17.62924606416408,-28.14504970853326
347,EX_co2_e,,,,,,,-17.62924606416408,-26.387738192492243
348,EX_co2_e,,,,,,,-17.62924606416408,-24.630426676451222
349,EX_co2_e,,,,,,,-17.62924606416408,-22.8731151604102
350,EX_co2_e,,,,,,,-17.62924606416408,-21.11580364436918
351,EX_co2_e,,,,,,,-17.62924606416408,-19.35849212832816
352,EX_co2_e,,,,,,,-17.62924606416408,-17.601180612287138
353,EX_co2_e,,,,,,,-17.62924606416408,-15.843869096246117
354,EX_co2_e,,,,,,,-17.62924606416408,-14.086557580205099
355,EX_co2_e,,,,,,,-17.62924606416408,-12.329246064164078
356,EX_co2_e,,,,,,,-17.62924606416408,-10.571934548123057
357,EX_co2_e,0.0,,,0.015900725253234584,9.374135826356522,,-17.62924606416408,-8.814623032082036
358,EX_co2_e,0.0,0.0,,0.03478283649145154,9.374135826356989,,-17.62924606416408,-7.057311516041015
359,EX_co2_e,,,,,,,-17.62924606416408,-5.299999999999999
360,EX_co2_e,,,,,,,-14.114623032082037,-38.688918804779384
361,EX_co2_e,,,,,,,-14.114623032082037,-36.93160728873836
362,EX_co2_e,,,,,,,-14.114623032082037,-35.17429577269734
363,EX_co2_e,,,,,,,-14.114623032082037,-33.41698425665632
364,EX_co2_e,,,,,,,-14.114623032082037,-31.659672740615303
365,EX_co2_e,,,,,,,-14.114623032082037,-29.902361224574282
366,EX_co2_e,,,,,,,-14.114623032082037,-28.14504970853326
367,EX_co2_e,,,,,,,-14.114623032082037,-26.387738192492243
368,EX_co2_e,,,,,,,-14.114623032082037,-24.630426676451222
369,EX_co2_e,,,,,,,-14.114623032082037,-22.8731151604102
370,EX_co2_e,,,,,,,-14.114623032082037,-21.11580364436918
371,EX_co2_e,,,,,,,-14.114623032082037,-19.35849212832816
372,EX_co2_e,,,,,,,-14.114623032082037,-17.601180612287138
373,EX_co2_e,,,,,,,-14.114623032082037,-15.843869096246117
374,EX_co2_e,,,,,,,-14.114623032082037,-14.086557580205099
375,EX_co2_e,,,,,,,-14.114623032082037,-12.329246064164078
376,EX_co2_e,,,,,,,-14.114623032082037,-10.571934548123057
377,EX_co2_e,,,,,,,-14.114623032082037,-8.814623032082036
378,EX_co2_e,0.0,,,0.007950362626617498,9.374135826357055,,-14.114623032082037,-7.057311516041015
379,EX_co2_e,,,,,,,-14.114623032082037,-5.299999999999999
380,EX_co2_e,,,,,,,-10.6,-38.688918804779384
381,EX_co2_e,,,,,,,-10.6,-36.93160728873836
382,EX_co2_e,,,,,,,-10.6,-35.17429577269734
383,EX_co2_e,,,,,,,-10.6,-33.41698425665632
384,EX_co2_e,,,,,,,-10.6,-31.659672740615303
385,EX_co2_e,,,,,,,-10.6,-29.902361224574282
386,EX_co2_e,,,,,,,-10.6,-28.14504970853326
387,EX_co2_e,,,,,,,-10.6,-26.387738192492243
388,EX_co2_e,,,,,,,-10.6,-24.630426676451222
389,EX_co2_e,,,,,,,-10.6,-22.8731151604102
390,EX_co2_e,,,,,,,-10.6,-21.11580364436918
391,EX_co2_e,,,,,,,-10.6,-19.35849212832816
392,EX_co2_e,,,,,,,-10.6,-17.601180612287138
393,EX_co2_e,,,,,,,-10.6,-15.843869096246117
394,EX_co2_e,,,,,,,-10.6,-14.086557580205099
395,EX_co2_e,,,,,,,-10.6,-12.329246064164078
396,EX_co2_e,,,,,,,-10.6,-10.571934548123057
397,EX_co2_e,,,,,,,-10.6,-8.814623032082036
398,EX_co2_e,,,,,,,-10.6,-7.057311516041015
399,EX_co2_e,0.0,,,0.0,,,-10.6,-5.299999999999999
