,ids,growth,status
0,{'AAFOLC_00390'},0.04447377605182185,optimal
1,{'AAFOLC_02595'},0.04447377605181737,optimal
2,{'AAFOLC_04155'},0.04447377605181737,optimal
3,{'AAFOLC_09645'},0.04447377605181737,optimal
4,{'AAFOLC_18135'},0.04447377605181737,optimal
5,{'AAFOLC_02705'},-1.8303947958720354e-16,optimal
6,{'AAFOLC_07550'},3.531623074265278e-14,optimal
7,{'AAFOLC_21620'},0.04447377605182016,optimal
8,{'AAFOLC_16165'},0.04447377605182667,optimal
9,{'AAFOLC_13125'},0.04447377605182667,optimal
10,{'AAFOLC_18240'},0.04447377605182667,optimal
11,{'AAFOLC_02725'},-5.109319885724066e-17,optimal
12,{'AAFOLC_21840'},0.044473776051818084,optimal
13,{'AAFOLC_21900'},0.04447377605182667,optimal
14,{'AAFOLC_07515'},0.04447377605182667,optimal
15,{'AAFOLC_03575'},0.04447377605182667,optimal
16,{'AAFOLC_16245'},0.04447377605182667,optimal
17,{'AAFOLC_15880'},0.04447377605182667,optimal
18,{'AAFOLC_16925'},0.04447377605182667,optimal
19,{'AAFOLC_09835'},-1.882392470110734e-16,optimal
20,{'AAFOLC_16040'},0.044473776051824336,optimal
21,{'AAFOLC_02750'},0.04447377605182946,optimal
22,{'AAFOLC_16815'},0.04447377605182946,optimal
23,{'AAFOLC_05275'},0.04447377605182946,optimal
24,{'AAFOLC_20155'},0.04447367580763801,optimal
25,{'AAFOLC_19150'},0.044473776051821116,optimal
26,{'AAFOLC_05550'},0.044473358670357184,optimal
27,{'AAFOLC_13685'},0.0444737760518224,optimal
28,{'AAFOLC_15530'},0.0444737760518247,optimal
29,{'AAFOLC_17895'},,infeasible
30,{'AAFOLC_18640'},0.04447377605186642,optimal
31,{'AAFOLC_06860'},0.04447377605181319,optimal
32,{'AAFOLC_19765'},0.04447377605181319,optimal
33,{'AAFOLC_00780'},0.04447377605181319,optimal
34,{'AAFOLC_20365'},0.04447377605181319,optimal
35,{'AAFOLC_06710'},0.04447377605181319,optimal
36,{'AAFOLC_00640'},-1.7856146170554653e-16,optimal
37,{'AAFOLC_15115'},0.04447377605182188,optimal
38,{'AAFOLC_05610'},0.04447377605181319,optimal
39,{'AAFOLC_10780'},0.04447377605181319,optimal
40,{'AAFOLC_15380'},4.679371926162985e-18,optimal
41,{'AAFOLC_18420'},0.044473776051822345,optimal
42,{'AAFOLC_10505'},0.044473776051822546,optimal
43,{'AAFOLC_03465'},0.044473776051822546,optimal
44,{'AAFOLC_09650'},0.044473776051822546,optimal
45,{'AAFOLC_12845'},0.044473776051822546,optimal
46,{'AAFOLC_05565'},0.044473776051822546,optimal
47,{'AAFOLC_11030'},0.044473776051822546,optimal
48,{'AAFOLC_15925'},0.044473776051822546,optimal
49,{'AAFOLC_13270'},0.044473776051822546,optimal
50,{'AAFOLC_10265'},0.044473776051822546,optimal
51,{'AAFOLC_02770'},0.044473776051822546,optimal
52,{'AAFOLC_03860'},0.044473776051822546,optimal
53,{'AAFOLC_18315'},0.044473776051822546,optimal
54,{'AAFOLC_19340'},0.044473776051822546,optimal
55,{'AAFOLC_06365'},0.044473776051822546,optimal
56,{'AAFOLC_13220'},1.8709635735546445e-16,optimal
57,{'AAFOLC_13370'},0.044473776051823385,optimal
58,{'AAFOLC_01445'},-6.513201825999888e-15,optimal
59,{'AAFOLC_20065'},0.04447377605181972,optimal
60,{'AAFOLC_15495'},0.04447377605181812,optimal
61,{'AAFOLC_10475'},0.04447377605181812,optimal
62,{'AAFOLC_20035'},0.04447377605181812,optimal
63,{'AAFOLC_18215'},0.04447377605181812,optimal
64,{'AAFOLC_15520'},0.04447377605181812,optimal
65,{'AAFOLC_05690'},-8.646986378130168e-17,optimal
66,{'AAFOLC_02805'},0.04447377605182061,optimal
67,{'AAFOLC_02835'},0.04447377605181812,optimal
68,{'AAFOLC_13065'},0.04447377605181812,optimal
69,{'AAFOLC_17015'},0.04447377605181812,optimal
70,{'AAFOLC_07500'},0.04447377605181812,optimal
71,{'AAFOLC_22125'},0.04447377605181812,optimal
72,{'AAFOLC_10185'},0.04447377605181812,optimal
73,{'AAFOLC_02115'},0.04447377605181812,optimal
74,{'AAFOLC_02330'},0.04447377605181812,optimal
75,{'AAFOLC_20410'},0.04447377605181812,optimal
76,{'AAFOLC_07520'},0.0433762260193513,optimal
77,{'AAFOLC_19185'},0.04447377605183064,optimal
78,{'AAFOLC_05270'},0.044473776051817744,optimal
79,{'AAFOLC_18160'},0.044473776051817744,optimal
80,{'AAFOLC_20345'},0.044473776051817744,optimal
81,{'AAFOLC_20465'},0.044473776051817744,optimal
82,{'AAFOLC_04705'},0.044473776051817744,optimal
83,{'AAFOLC_05530'},0.044473776051817744,optimal
84,{'AAFOLC_11245'},0.044473776051817744,optimal
85,{'AAFOLC_07470'},-5.706182635269517e-15,optimal
86,{'AAFOLC_11130'},0.044473776051820506,optimal
87,{'AAFOLC_06725'},0.04447377605182198,optimal
88,{'AAFOLC_09170'},-8.412556398871786e-15,optimal
89,{'AAFOLC_11065'},0.044473776051808696,optimal
90,{'AAFOLC_06975'},3.684794533966225e-16,optimal
91,{'AAFOLC_15630'},0.04447377605181967,optimal
92,{'AAFOLC_13345'},0.04447377605182028,optimal
93,{'AAFOLC_16940'},0.04447377605182028,optimal
94,{'AAFOLC_17070'},0.04447377605182028,optimal
95,{'AAFOLC_00835'},-1.4276042027052675e-14,optimal
96,{'AAFOLC_18175'},0.044473776051819694,optimal
97,{'AAFOLC_00925'},0.04447377605182028,optimal
98,{'AAFOLC_21225'},0.04447377605182028,optimal
99,{'AAFOLC_01870'},0.04447377605182028,optimal
100,{'AAFOLC_03645'},-9.026829791977753e-12,optimal
101,{'AAFOLC_22230'},0.04447377605182258,optimal
102,{'AAFOLC_18200'},0.04447377605182344,optimal
103,{'AAFOLC_10100'},0.04447377605182344,optimal
104,{'AAFOLC_18105'},0.04447377605182344,optimal
105,{'AAFOLC_19450'},0.04447377605182344,optimal
106,{'AAFOLC_05750'},0.04447377605182344,optimal
107,{'AAFOLC_06120'},0.04447377605182344,optimal
108,{'AAFOLC_10410'},0.04447377605182344,optimal
109,{'AAFOLC_05175'},0.04447377605182344,optimal
110,{'AAFOLC_20575'},0.04447377605182344,optimal
111,{'AAFOLC_02840'},0.04447377605182344,optimal
112,{'AAFOLC_20395'},0.04447377605182344,optimal
113,{'AAFOLC_11525'},0.04447377605182344,optimal
114,{'AAFOLC_15710'},-1.1863782272387677e-16,optimal
115,{'AAFOLC_15160'},0.0,optimal
116,{'AAFOLC_17065'},0.04447377605181903,optimal
117,{'AAFOLC_00660'},0.04447377605182344,optimal
118,{'AAFOLC_09005'},-5.57003305011615e-17,optimal
119,{'AAFOLC_18820'},1.7548999012879982e-28,optimal
120,{'AAFOLC_19700'},0.044473776051820076,optimal
121,{'AAFOLC_05180'},0.0444737760518223,optimal
122,{'AAFOLC_13755'},0.0444737760518223,optimal
123,{'AAFOLC_02490'},0.04447377605182517,optimal
124,{'AAFOLC_15050'},0.04447377605182517,optimal
125,{'AAFOLC_17940'},0.04447377605182517,optimal
126,{'AAFOLC_04075'},0.04447377605182517,optimal
127,{'AAFOLC_10360'},0.04447377605182517,optimal
128,{'AAFOLC_03355'},0.04447377605182517,optimal
129,{'AAFOLC_01885'},0.04447377605182517,optimal
130,{'AAFOLC_03810'},0.04447377605182517,optimal
131,{'AAFOLC_17045'},0.04447377605182517,optimal
132,{'AAFOLC_15805'},0.04447377605182517,optimal
133,{'AAFOLC_13555'},0.04447377605182517,optimal
134,{'AAFOLC_03490'},0.04447377605182517,optimal
135,{'AAFOLC_09060'},0.04447377605182517,optimal
136,{'AAFOLC_05535'},0.022819664432260977,optimal
137,{'AAFOLC_22215'},0.044473776051818965,optimal
138,{'AAFOLC_21315'},0.044473776051824794,optimal
139,{'AAFOLC_17165'},0.044473776051824794,optimal
140,{'AAFOLC_03365'},0.044473776051824794,optimal
141,{'AAFOLC_16495'},2.9007531040715106e-16,optimal
142,{'AAFOLC_05070'},0.04447377605181986,optimal
143,{'AAFOLC_17365'},0.044473776051824794,optimal
144,{'AAFOLC_06590'},0.044473776051824794,optimal
145,{'AAFOLC_03285'},1.675780607411594e-17,optimal
146,{'AAFOLC_10125'},0.044473776051813844,optimal
147,{'AAFOLC_04380'},0.044473739078298095,optimal
148,{'AAFOLC_17025'},0.04447377605182287,optimal
149,{'AAFOLC_10950'},0.044473776051824794,optimal
150,{'AAFOLC_00770'},0.044473776051824794,optimal
151,{'AAFOLC_21340'},2.6732503752384273e-16,optimal
152,{'AAFOLC_14305'},0.04447377605181709,optimal
153,{'AAFOLC_14445'},3.002049071295382e-13,optimal
154,{'AAFOLC_13540'},0.044473776051819666,optimal
155,{'AAFOLC_07560'},4.1435252350451724e-17,optimal
156,{'AAFOLC_07070'},0.04447377605181691,optimal
157,{'AAFOLC_05885'},0.044473776051824794,optimal
158,{'AAFOLC_09465'},3.947897109696186e-15,optimal
159,{'AAFOLC_18305'},0.044473776051821,optimal
160,{'AAFOLC_21930'},0.044473776051824794,optimal
161,{'AAFOLC_20300'},0.044473776051824794,optimal
162,{'AAFOLC_18310'},0.044473776051824794,optimal
163,{'AAFOLC_10250'},0.044473776051824794,optimal
164,{'AAFOLC_01865'},0.044473776051824794,optimal
165,{'AAFOLC_21205'},0.044473776051824794,optimal
166,{'AAFOLC_13080'},0.044473776051824794,optimal
167,{'AAFOLC_16025'},2.6732503752384273e-16,optimal
168,{'AAFOLC_09500'},9.216949471826522e-13,optimal
169,{'AAFOLC_21405'},0.044473776051820214,optimal
170,{'AAFOLC_07155'},0.04447377605182263,optimal
171,{'AAFOLC_09180'},0.04447377605182263,optimal
172,{'AAFOLC_18335'},0.04447377605182263,optimal
173,{'AAFOLC_21795'},0.04447360669978853,optimal
174,{'AAFOLC_11120'},0.044473776051829034,optimal
175,{'AAFOLC_05755'},0.04447377605182263,optimal
176,{'AAFOLC_07955'},0.04447377605182263,optimal
177,{'AAFOLC_02965'},1.7293318092663913e-14,optimal
178,{'AAFOLC_17240'},3.139919243527793e-17,optimal
179,{'AAFOLC_11580'},0.044473776051780115,optimal
180,{'AAFOLC_08785'},0.044473776051813484,optimal
181,{'AAFOLC_11595'},0.044473776051813484,optimal
182,{'AAFOLC_18170'},0.044473776051813484,optimal
183,{'AAFOLC_18880'},0.044473776051813484,optimal
184,{'AAFOLC_08135'},0.044473776051813484,optimal
185,{'AAFOLC_00445'},0.044473776051813484,optimal
186,{'AAFOLC_00370'},-2.9414151913887653e-16,optimal
187,{'AAFOLC_03620'},-1.88043762802262e-14,optimal
188,{'AAFOLC_16160'},0.044450085842102784,optimal
189,{'AAFOLC_19125'},0.044473776051808286,optimal
190,{'AAFOLC_10325'},0.04447377605182229,optimal
191,{'AAFOLC_14090'},2.4101505714406564e-16,optimal
192,{'AAFOLC_01350'},0.044473776051823254,optimal
193,{'AAFOLC_16870'},0.04447377605182229,optimal
194,{'AAFOLC_03820'},0.04447377605182229,optimal
195,{'AAFOLC_20075'},0.04447377605182229,optimal
196,{'AAFOLC_09470'},3.4438031613057793e-16,optimal
197,{'AAFOLC_06755'},0.0444737760518217,optimal
198,{'AAFOLC_22100'},0.04447377605182229,optimal
199,{'AAFOLC_17875'},0.04447377605182229,optimal
200,{'AAFOLC_02440'},-8.466704715435325e-18,optimal
201,{'AAFOLC_11640'},0.04447377605182076,optimal
202,{'AAFOLC_15560'},0.04447377605182229,optimal
203,{'AAFOLC_11015'},0.04447377605182229,optimal
204,{'AAFOLC_07745'},0.04447377605182229,optimal
205,{'AAFOLC_10305'},0.04447377605182229,optimal
206,{'AAFOLC_01380'},6.558575508363342e-14,optimal
207,{'AAFOLC_06390'},0.04447377605181795,optimal
208,{'AAFOLC_02465'},0.04447377605182229,optimal
209,{'AAFOLC_08495'},0.04447377605182229,optimal
210,{'AAFOLC_10180'},0.04447377605182229,optimal
211,{'AAFOLC_10875'},0.04447377605182229,optimal
212,{'AAFOLC_00965'},-5.118517601916027e-17,optimal
213,{'AAFOLC_11600'},0.04447377605179822,optimal
214,{'AAFOLC_19135'},-8.466704715435325e-18,optimal
215,{'AAFOLC_01455'},0.04447377605182123,optimal
216,{'AAFOLC_03905'},0.04447377605182229,optimal
217,{'AAFOLC_20435'},6.204309270798318e-17,optimal
218,{'AAFOLC_15770'},0.0,optimal
219,{'AAFOLC_08010'},0.044473776051821366,optimal
220,{'AAFOLC_04685'},0.044473776051822886,optimal
221,{'AAFOLC_05560'},0.044473776051822886,optimal
222,{'AAFOLC_01800'},0.044473776051822886,optimal
223,{'AAFOLC_17615'},0.044473776051822886,optimal
224,{'AAFOLC_08295'},-6.072577092260537e-17,optimal
225,{'AAFOLC_15670'},0.04447377605181741,optimal
226,{'AAFOLC_18145'},0.04447377605182229,optimal
227,{'AAFOLC_21075'},0.04447377605182229,optimal
228,{'AAFOLC_16420'},-1.874386691515178e-16,optimal
229,{'AAFOLC_15040'},0.04447377605181708,optimal
230,{'AAFOLC_03235'},1.3764979815755303e-16,optimal
231,{'AAFOLC_20925'},0.044473776051822046,optimal
232,{'AAFOLC_02735'},1.3764979815755303e-16,optimal
233,{'AAFOLC_06605'},0.04447377605182303,optimal
234,{'AAFOLC_10955'},0.04447377605182229,optimal
235,{'AAFOLC_22360'},0.04447377605182229,optimal
236,{'AAFOLC_20755'},0.04447377605182229,optimal
237,{'AAFOLC_07175'},0.04447377605182229,optimal
238,{'AAFOLC_07340'},0.04447377605182229,optimal
239,{'AAFOLC_15655'},0.04447377605182229,optimal
240,{'AAFOLC_00310'},0.04447377605182229,optimal
241,{'AAFOLC_17270'},0.04447377605182229,optimal
242,{'AAFOLC_05170'},0.04447377605182229,optimal
243,{'AAFOLC_18795'},0.04447377605182229,optimal
244,{'AAFOLC_16075'},0.04447377605182229,optimal
245,{'AAFOLC_17405'},0.04447377605182229,optimal
246,{'AAFOLC_19155'},0.04447377605182229,optimal
247,{'AAFOLC_10525'},0.04447377605182229,optimal
248,{'AAFOLC_09800'},0.04447377605182229,optimal
249,{'AAFOLC_02910'},1.3307598596932454e-18,optimal
250,{'AAFOLC_05800'},0.04447377605182059,optimal
251,{'AAFOLC_10880'},0.044473776051817,optimal
252,{'AAFOLC_01285'},0.044473776051817,optimal
253,{'AAFOLC_22450'},-8.612253601195889e-17,optimal
254,{'AAFOLC_17705'},0.044473776051821144,optimal
255,{'AAFOLC_04110'},0.04447366327713333,optimal
256,{'AAFOLC_12935'},0.044473776051819826,optimal
257,{'AAFOLC_09195'},-4.2764361027258946e-13,optimal
258,{'AAFOLC_03545'},0.04447377605182355,optimal
259,{'AAFOLC_04780'},0.044473776051817,optimal
260,{'AAFOLC_18695'},0.044473776051817,optimal
261,{'AAFOLC_00670'},0.044473776051817,optimal
262,{'AAFOLC_21905'},0.044473738460192196,optimal
263,{'AAFOLC_10735'},0.04447377605182599,optimal
264,{'AAFOLC_03655'},0.04447377605182245,optimal
265,{'AAFOLC_17795'},0.04447377605182245,optimal
266,{'AAFOLC_09080'},0.04447377605182245,optimal
267,{'AAFOLC_01880'},0.04447377605182245,optimal
268,{'AAFOLC_02090'},0.04447377605182245,optimal
269,{'AAFOLC_21250'},0.04447377605182245,optimal
270,{'AAFOLC_13170'},2.9165629091086315e-17,optimal
271,{'AAFOLC_01225'},0.0,optimal
272,{'AAFOLC_06640'},0.04447377605181728,optimal
273,{'AAFOLC_02730'},-1.2678111093978203e-16,optimal
274,{'AAFOLC_22070'},0.04447377605182209,optimal
275,{'AAFOLC_10570'},0.04447377605182245,optimal
276,{'AAFOLC_10025'},0.04447377605182245,optimal
277,{'AAFOLC_12895'},0.04447377605182245,optimal
278,{'AAFOLC_11255'},0.04447377605182245,optimal
279,{'AAFOLC_05615'},0.04447377605182245,optimal
280,{'AAFOLC_17250'},0.04447377605182245,optimal
281,{'AAFOLC_05110'},0.04447377605182245,optimal
282,{'AAFOLC_15205'},0.04447377605182245,optimal
283,{'AAFOLC_20670'},0.04447377605182245,optimal
284,{'AAFOLC_10840'},0.04447377605182245,optimal
285,{'AAFOLC_18165'},0.04447377605182245,optimal
286,{'AAFOLC_10020'},0.04447377605182245,optimal
287,{'AAFOLC_16700'},0.04393739739569559,optimal
288,{'AAFOLC_09245'},0.04447377605182073,optimal
289,{'AAFOLC_10790'},0.0444737760518264,optimal
290,{'AAFOLC_08735'},0.0444737760518264,optimal
291,{'AAFOLC_04550'},0.0444737760518264,optimal
292,{'AAFOLC_14475'},0.0444737760518264,optimal
293,{'AAFOLC_07075'},0.0444737760518264,optimal
294,{'AAFOLC_01860'},0.0444737760518264,optimal
295,{'AAFOLC_22080'},1.5707248300936463e-16,optimal
296,{'AAFOLC_20175'},0.04447377605182369,optimal
297,{'AAFOLC_20160'},0.0444737760518264,optimal
298,{'AAFOLC_02560'},0.0444737760518264,optimal
299,{'AAFOLC_09690'},0.04447377605195515,optimal
300,{'AAFOLC_02470'},0.04447377605182079,optimal
301,{'AAFOLC_09955'},0.04447377605182079,optimal
302,{'AAFOLC_02700'},0.04447377605182079,optimal
303,{'AAFOLC_09460'},0.04447377605182079,optimal
304,{'AAFOLC_19785'},0.04447377605182079,optimal
305,{'AAFOLC_14515'},0.04447377605182079,optimal
306,{'AAFOLC_09250'},-2.563257316871452e-16,optimal
307,{'AAFOLC_10540'},0.04447377605182256,optimal
308,{'AAFOLC_07880'},1.080907526801874e-16,optimal
309,{'AAFOLC_19130'},0.044473776051823066,optimal
310,{'AAFOLC_15385'},0.044473776051823455,optimal
311,{'AAFOLC_07790'},0.044473776051823455,optimal
312,{'AAFOLC_16655'},0.044473776051823455,optimal
313,{'AAFOLC_14510'},0.044473776051823455,optimal
314,{'AAFOLC_00700'},0.044473776051823455,optimal
315,{'AAFOLC_19960'},0.044473776051823455,optimal
316,{'AAFOLC_21480'},0.044473776051823455,optimal
317,{'AAFOLC_06970'},0.044473776051823455,optimal
318,{'AAFOLC_06510'},0.044473776051823455,optimal
319,{'AAFOLC_22395'},0.044473776051823455,optimal
320,{'AAFOLC_17170'},0.044473776051823455,optimal
321,{'AAFOLC_04325'},0.044473776051823455,optimal
322,{'AAFOLC_13715'},-1.4138466814633855e-16,optimal
323,{'AAFOLC_19445'},0.04447377605182221,optimal
324,{'AAFOLC_12280'},-1.039335272941796e-16,optimal
325,{'AAFOLC_10690'},0.04447377605180025,optimal
326,{'AAFOLC_19090'},0.04447377605181983,optimal
327,{'AAFOLC_02415'},0.04447377605181983,optimal
328,{'AAFOLC_02455'},0.04447377605181983,optimal
329,{'AAFOLC_02055'},0.04447377605181983,optimal
330,{'AAFOLC_10560'},0.04447377605181983,optimal
331,{'AAFOLC_12985'},0.04447377605181983,optimal
332,{'AAFOLC_19255'},0.04447377605181972,optimal
333,{'AAFOLC_00740'},0.04447377605182235,optimal
334,{'AAFOLC_16740'},0.04447377605182235,optimal
335,{'AAFOLC_18595'},0.04447377605182235,optimal
336,{'AAFOLC_14895'},0.04447377605182235,optimal
337,{'AAFOLC_16890'},0.04447377605182235,optimal
338,{'AAFOLC_04680'},0.04447377605182235,optimal
339,{'AAFOLC_18265'},0.04445960949686217,optimal
340,{'AAFOLC_14520'},0.04447377605182545,optimal
341,{'AAFOLC_15715'},-2.853120998326521e-17,optimal
342,{'AAFOLC_07380'},0.04447377605182256,optimal
343,{'AAFOLC_17710'},0.04447377605182235,optimal
344,{'AAFOLC_19425'},0.04447276588688497,optimal
345,{'AAFOLC_21240'},0.04447377605182326,optimal
346,{'AAFOLC_01275'},0.04447377605182275,optimal
347,{'AAFOLC_16915'},0.044473776051823795,optimal
348,{'AAFOLC_07675'},0.044473776051823795,optimal
349,{'AAFOLC_16685'},0.044473776051823795,optimal
350,{'AAFOLC_13310'},4.890288073331062e-14,optimal
351,{'AAFOLC_10130'},0.04447377605182365,optimal
352,{'AAFOLC_17260'},0.044473776051820305,optimal
353,{'AAFOLC_08385'},0.044473776051820305,optimal
354,{'AAFOLC_20950'},0.044473776051820305,optimal
355,{'AAFOLC_17060'},0.044473776051820305,optimal
356,{'AAFOLC_19600'},0.044473776051820305,optimal
357,{'AAFOLC_09810'},-2.41965912945936e-15,optimal
358,{'AAFOLC_05865'},7.047372780431666e-17,optimal
359,{'AAFOLC_14890'},0.04447377605182228,optimal
360,{'AAFOLC_13655'},0.044473776051827375,optimal
361,{'AAFOLC_17330'},0.044473776051827375,optimal
362,{'AAFOLC_10975'},0.044473776051827375,optimal
363,{'AAFOLC_21450'},0.044473776051827375,optimal
364,{'AAFOLC_07505'},0.044473776051827375,optimal
365,{'AAFOLC_06815'},0.044473776051827375,optimal
366,{'AAFOLC_14465'},0.044473776051827375,optimal
367,{'AAFOLC_04145'},0.044473776051827375,optimal
368,{'AAFOLC_09175'},0.044473776051827375,optimal
369,{'AAFOLC_13835'},0.044473776051827375,optimal
370,{'AAFOLC_08155'},0.044473776051827375,optimal
371,{'AAFOLC_16425'},-5.057038369609683e-17,optimal
372,{'AAFOLC_05145'},0.044473776051822185,optimal
373,{'AAFOLC_07940'},0.044473776051827375,optimal
374,{'AAFOLC_17155'},0.04447377605182336,optimal
375,{'AAFOLC_13000'},0.04447377605182336,optimal
376,{'AAFOLC_17620'},0.04447377605182336,optimal
377,{'AAFOLC_20220'},0.04447377605182336,optimal
378,{'AAFOLC_07215'},0.04447377605182336,optimal
379,{'AAFOLC_15085'},0.04447377605182336,optimal
380,{'AAFOLC_00205'},0.04447377605182336,optimal
381,{'AAFOLC_10765'},0.04447377605182336,optimal
382,{'AAFOLC_13815'},0.04447377605182336,optimal
383,{'AAFOLC_06175'},0.04447377605182336,optimal
384,{'AAFOLC_18500'},0.04447377605182336,optimal
385,{'AAFOLC_00285'},0.04447377605182336,optimal
386,{'AAFOLC_08115'},0.04447377605182336,optimal
387,{'AAFOLC_02905'},0.04447377605182336,optimal
388,{'AAFOLC_20975'},0.04447377605182336,optimal
389,{'AAFOLC_05900'},0.04447377605182336,optimal
390,{'AAFOLC_05645'},1.376379753282249e-16,optimal
391,{'AAFOLC_03910'},0.044163774078599886,optimal
392,{'AAFOLC_12885'},0.04447377605181982,optimal
393,{'AAFOLC_09940'},0.04447377605182285,optimal
394,{'AAFOLC_04890'},-8.641122543710147e-15,optimal
395,{'AAFOLC_07165'},0.04447377605182293,optimal
396,{'AAFOLC_17475'},-2.7499387225439684e-15,optimal
397,{'AAFOLC_01065'},0.0,optimal
398,{'AAFOLC_04070'},0.044473776051824905,optimal
399,{'AAFOLC_13250'},-4.618786691413313e-18,optimal
400,{'AAFOLC_16805'},0.0444737760518223,optimal
401,{'AAFOLC_02845'},0.04447377605182262,optimal
402,{'AAFOLC_15760'},2.765702248232167e-18,optimal
403,{'AAFOLC_09225'},6.34190515980893e-14,optimal
404,{'AAFOLC_04860'},0.04447377605182331,optimal
405,{'AAFOLC_08105'},0.04447377605182262,optimal
406,{'AAFOLC_11090'},0.04447377605182262,optimal
407,{'AAFOLC_20985'},0.04447377605182262,optimal
408,{'AAFOLC_17450'},0.04447377605182262,optimal
409,{'AAFOLC_07345'},0.04447377605182262,optimal
410,{'AAFOLC_00825'},0.04447377605182262,optimal
411,{'AAFOLC_04125'},2.5035308601221287e-18,optimal
412,{'AAFOLC_04940'},0.044473776051820825,optimal
413,{'AAFOLC_02015'},0.04447377605181994,optimal
414,{'AAFOLC_19670'},0.04447377605181994,optimal
415,{'AAFOLC_11520'},0.04447377605181994,optimal
416,{'AAFOLC_09730'},0.044473776051819826,optimal
417,{'AAFOLC_22455'},0.04447377605182186,optimal
418,{'AAFOLC_18690'},0.04447377605182186,optimal
419,{'AAFOLC_08485'},0.044473776051821894,optimal
420,{'AAFOLC_08165'},0.04447377605181453,optimal
421,{'AAFOLC_07645'},0.04447377605181453,optimal
422,{'AAFOLC_17880'},0.04447377605181453,optimal
423,{'AAFOLC_21195'},0.04447377605182352,optimal
424,{'AAFOLC_15850'},1.4781141446288687e-16,optimal
425,{'AAFOLC_03745'},0.04447377605182288,optimal
426,{'AAFOLC_00400'},0.04447377605182352,optimal
427,{'AAFOLC_10575'},0.04447377605182352,optimal
428,{'AAFOLC_11165'},0.04447377605182352,optimal
429,{'AAFOLC_10565'},0.04447377605182352,optimal
430,{'AAFOLC_02085'},0.04447377605182352,optimal
431,{'AAFOLC_10710'},0.04447377605182352,optimal
432,{'AAFOLC_06230'},0.04447377605182352,optimal
433,{'AAFOLC_06730'},0.04447377605182352,optimal
434,{'AAFOLC_08340'},-1.6272540837205033e-16,optimal
435,{'AAFOLC_10775'},0.04447377605182262,optimal
436,{'AAFOLC_19775'},0.04447377605182352,optimal
437,{'AAFOLC_00315'},0.04447377605182352,optimal
438,{'AAFOLC_16635'},0.04447377605182352,optimal
439,{'AAFOLC_06360'},0.04447377605182352,optimal
440,{'AAFOLC_10275'},0.04447377605182352,optimal
441,{'AAFOLC_15745'},0.04447377605182352,optimal
442,{'AAFOLC_14065'},0.04447377605182352,optimal
443,{'AAFOLC_22255'},0.044473776051824364,optimal
444,{'AAFOLC_00855'},0.044473776051824364,optimal
445,{'AAFOLC_02580'},0.044473776051824364,optimal
446,{'AAFOLC_09525'},0.044473776051824364,optimal
447,{'AAFOLC_22200'},-2.8952974490471116e-16,optimal
448,{'AAFOLC_14405'},0.044473776051824024,optimal
449,{'AAFOLC_15410'},0.044473776051824364,optimal
450,{'AAFOLC_07485'},0.044473776051824364,optimal
451,{'AAFOLC_06670'},0.044473776051824364,optimal
452,{'AAFOLC_03885'},-8.114232629409056e-16,optimal
453,{'AAFOLC_07305'},0.04447377605183023,optimal
454,{'AAFOLC_22325'},-2.394762754721022e-17,optimal
455,{'AAFOLC_11005'},0.04447377605182304,optimal
456,{'AAFOLC_17660'},0.04447377605181891,optimal
457,{'AAFOLC_19440'},0.04447377605181891,optimal
458,{'AAFOLC_05285'},0.04447377605181891,optimal
459,{'AAFOLC_09435'},0.04447377605181891,optimal
460,{'AAFOLC_18485'},0.04447377605181891,optimal
461,{'AAFOLC_05155'},0.04447377605181891,optimal
462,{'AAFOLC_02270'},0.04447377605181891,optimal
463,{'AAFOLC_21330'},4.2546807661036294e-17,optimal
464,{'AAFOLC_14485'},-6.268870062381844e-29,optimal
465,{'AAFOLC_11570'},0.04447377605181952,optimal
466,{'AAFOLC_18375'},0.04447377605181718,optimal
467,{'AAFOLC_05570'},0.04447377605181718,optimal
468,{'AAFOLC_17770'},0.04447377605181718,optimal
469,{'AAFOLC_10815'},0.04447377605181718,optimal
470,{'AAFOLC_13445'},0.04447377605181718,optimal
471,{'AAFOLC_10215'},0.04447377605181718,optimal
472,{'AAFOLC_17670'},0.04447377605181718,optimal
473,{'AAFOLC_21105'},0.04447377605181718,optimal
474,{'AAFOLC_04330'},0.04447377605181718,optimal
475,{'AAFOLC_08690'},0.04447377605181718,optimal
476,{'AAFOLC_00720'},0.04447377605181718,optimal
477,{'AAFOLC_17970'},0.04447377605181718,optimal
478,{'AAFOLC_00880'},0.04447377605181718,optimal
479,{'AAFOLC_20325'},0.04447377605181718,optimal
480,{'AAFOLC_13675'},0.04447377605181718,optimal
481,{'AAFOLC_10995'},0.04447377605181718,optimal
482,{'AAFOLC_20850'},0.04447377605181718,optimal
483,{'AAFOLC_19675'},0.04447377605181718,optimal
484,{'AAFOLC_09845'},0.04447377605181718,optimal
485,{'spontaneous'},,infeasible
486,{'AAFOLC_14005'},0.04447377605166836,optimal
487,{'AAFOLC_17440'},0.04447377605182192,optimal
488,{'AAFOLC_13790'},0.042194385006393755,optimal
489,{'AAFOLC_10915'},0.04447377605182208,optimal
490,{'AAFOLC_03515'},0.04447377605182192,optimal
491,{'AAFOLC_06685'},0.0428060267334971,optimal
492,{'AAFOLC_08435'},0.04447377605182243,optimal
493,{'AAFOLC_20225'},3.6694958809092486e-16,optimal
494,{'AAFOLC_06450'},0.0,optimal
495,{'AAFOLC_00200'},0.04447377605182276,optimal
496,{'AAFOLC_04000'},0.044473776051821866,optimal
497,{'AAFOLC_04295'},0.044473776051821866,optimal
498,{'AAFOLC_03585'},0.0444737760518223,optimal
499,{'AAFOLC_13355'},0.0444737760518223,optimal
500,{'AAFOLC_17625'},0.0444737760518223,optimal
501,{'AAFOLC_07995'},0.0444737760518223,optimal
502,{'AAFOLC_10165'},0.0444737760518223,optimal
503,{'AAFOLC_19415'},0.0444737760518223,optimal
504,{'AAFOLC_10190'},0.0444737760518223,optimal
505,{'AAFOLC_10945'},0.0444737760518223,optimal
506,{'AAFOLC_01390'},0.0444737760518223,optimal
507,{'AAFOLC_02610'},0.0444737760518223,optimal
508,{'AAFOLC_16485'},0.0444737760518223,optimal
509,{'AAFOLC_12995'},0.0444737760518223,optimal
510,{'AAFOLC_16325'},0.0444737760518223,optimal
511,{'AAFOLC_18675'},0.0444737760518223,optimal
512,{'AAFOLC_17480'},0.0444737760518223,optimal
513,{'AAFOLC_19345'},0.0444737760518223,optimal
514,{'AAFOLC_14315'},0.0444737760518223,optimal
515,{'AAFOLC_05775'},-1.1412321542462724e-16,optimal
516,{'AAFOLC_02515'},0.04447377605182271,optimal
517,{'AAFOLC_03750'},0.0444737760518223,optimal
518,{'AAFOLC_03065'},0.0444737760518223,optimal
519,{'AAFOLC_19435'},0.044473519935553645,optimal
520,{'AAFOLC_05280'},0.04447377605182349,optimal
521,{'AAFOLC_01495'},0.0444737760518223,optimal
522,{'AAFOLC_10105'},-9.711551504377678e-17,optimal
523,{'AAFOLC_21335'},0.04447377605182245,optimal
524,{'AAFOLC_20820'},0.0444737760518223,optimal
525,{'AAFOLC_07965'},0.0444737760518223,optimal
526,{'AAFOLC_14085'},0.044473776051822324,optimal
527,{'AAFOLC_19405'},-3.0567096509957884e-17,optimal
528,{'AAFOLC_05300'},0.04447377605182371,optimal
529,{'AAFOLC_02510'},0.04447377605182299,optimal
530,{'AAFOLC_06705'},0.04447377605182299,optimal
531,{'AAFOLC_01595'},0.04447377605182299,optimal
532,{'AAFOLC_03380'},1.2003076337339772e-16,optimal
533,{'AAFOLC_14230'},0.044473776051822594,optimal
534,{'AAFOLC_17460'},0.04447377605182267,optimal
535,{'AAFOLC_06690'},0.04447377605182267,optimal
536,{'AAFOLC_06060'},5.958125294517535e-18,optimal
537,{'AAFOLC_08645'},0.044473776051819285,optimal
538,{'AAFOLC_01580'},0.04447377605182267,optimal
539,{'AAFOLC_10990'},0.04447377605182267,optimal
540,{'AAFOLC_03675'},1.2840897549020218e-17,optimal
541,{'AAFOLC_14555'},0.044473776051821866,optimal
542,{'AAFOLC_10700'},0.04447377605182267,optimal
543,{'AAFOLC_20240'},0.04447377605182267,optimal
544,{'AAFOLC_10300'},0.04447377605182267,optimal
545,{'AAFOLC_06580'},0.04447377605182267,optimal
546,{'AAFOLC_18255'},0.04447377605182267,optimal
547,{'AAFOLC_11225'},0.04447377605182267,optimal
548,{'AAFOLC_16100'},0.04447377605182267,optimal
549,{'AAFOLC_00800'},0.04447377605182267,optimal
550,{'AAFOLC_16035'},0.04447377605182267,optimal
551,{'AAFOLC_18205'},0.04447377605182267,optimal
552,{'AAFOLC_04235'},0.04447377605182267,optimal
553,{'AAFOLC_16750'},0.04447377605182267,optimal
554,{'AAFOLC_15865'},0.0443536574505041,optimal
555,{'AAFOLC_09825'},0.0444737760518239,optimal
556,{'AAFOLC_08635'},0.04447377605182359,optimal
557,{'AAFOLC_21210'},0.04447377605182359,optimal
558,{'AAFOLC_13640'},0.04447377605182359,optimal
559,{'AAFOLC_09640'},0.04447377605182191,optimal
560,{'AAFOLC_08680'},0.04447377605182191,optimal
561,{'AAFOLC_08425'},0.04447377605182191,optimal
562,{'AAFOLC_21325'},0.04447377605182191,optimal
563,{'AAFOLC_04395'},0.04447377605182191,optimal
564,{'AAFOLC_22500'},-1.0132960369192725e-16,optimal
565,{'AAFOLC_19745'},0.04447377605182263,optimal
566,{'AAFOLC_03395'},0.04447377605182296,optimal
567,{'AAFOLC_05265'},0.04447377605182296,optimal
568,{'AAFOLC_19095'},0.04447377605182296,optimal
569,{'AAFOLC_07950'},0.04447377605182296,optimal
570,{'AAFOLC_15080'},1.2042894699775459e-17,optimal
571,{'AAFOLC_02715'},0.0,optimal
572,{'AAFOLC_10040'},0.04447377605182384,optimal
573,{'AAFOLC_02295'},0.04447377605182296,optimal
574,{'AAFOLC_09535'},1.7464807384017897e-16,optimal
575,{'AAFOLC_05185'},0.04447377605182199,optimal
576,{'AAFOLC_19770'},0.04447377605182296,optimal
577,{'AAFOLC_21815'},0.04447377605182296,optimal
578,{'AAFOLC_00890'},-9.47613460089867e-17,optimal
579,{'AAFOLC_17465'},0.044473776051833204,optimal
580,{'AAFOLC_17610'},0.044473776051822594,optimal
581,{'AAFOLC_01340'},0.044473776051822594,optimal
582,{'AAFOLC_14460'},0.044473776051822594,optimal
583,{'AAFOLC_21165'},0.044473776051822594,optimal
584,{'AAFOLC_15605'},-3.143037793937128e-17,optimal
585,{'AAFOLC_15300'},0.044473776051822525,optimal
586,{'AAFOLC_07605'},1.9795500276463006e-17,optimal
587,{'AAFOLC_15215'},0.04447377605182288,optimal
588,{'AAFOLC_11045'},0.044473776051822594,optimal
589,{'AAFOLC_15765'},0.044473776051822594,optimal
590,{'AAFOLC_19250'},3.411189710231809e-17,optimal
591,{'AAFOLC_20905'},0.04447377605182218,optimal
592,{'AAFOLC_00860'},0.044473776051822594,optimal
593,{'AAFOLC_01960'},0.044473776051822594,optimal
594,{'AAFOLC_12945'},0.044473776051822594,optimal
595,{'AAFOLC_01375'},0.044473776051822594,optimal
596,{'AAFOLC_03950'},0.044473776051822594,optimal
597,{'AAFOLC_02320'},0.044473776051822594,optimal
598,{'AAFOLC_07475'},-1.5365660543617494e-17,optimal
599,{'AAFOLC_06030'},0.04447377605182257,optimal
600,{'AAFOLC_08160'},0.044473776051822594,optimal
601,{'AAFOLC_01060'},1.3175479598127004e-16,optimal
602,{'AAFOLC_17455'},0.04447377605182273,optimal
603,{'AAFOLC_05700'},0.044473776051822594,optimal
604,{'AAFOLC_19580'},-1.5365660543617494e-17,optimal
605,{'AAFOLC_08170'},0.04447377605182151,optimal
606,{'AAFOLC_07840'},0.04447377605182602,optimal
607,{'AAFOLC_04670'},0.044473776051820055,optimal
608,{'AAFOLC_04150'},-3.0094516825202356e-15,optimal
609,{'AAFOLC_09275'},0.0444737760518226,optimal
610,{'AAFOLC_13455'},0.04447377605182351,optimal
611,{'AAFOLC_03700'},0.04447377605182351,optimal
612,{'AAFOLC_06385'},1.1302969042264333e-15,optimal
613,{'AAFOLC_09210'},0.0,optimal
614,{'AAFOLC_14580'},0.04447377605182237,optimal
615,{'AAFOLC_05790'},0.04343773206809736,optimal
616,{'AAFOLC_03560'},0.04447377605182426,optimal
617,{'AAFOLC_00280'},0.04447377605182264,optimal
618,{'AAFOLC_08880'},0.04446905788144709,optimal
619,{'AAFOLC_00920'},0.044473776051819174,optimal
620,{'AAFOLC_05845'},0.04447377605182264,optimal
621,{'AAFOLC_01620'},-1.4890324409911813e-15,optimal
622,{'AAFOLC_14300'},0.04447377605174705,optimal
623,{'AAFOLC_16295'},0.04447377605182361,optimal
624,{'AAFOLC_08335'},0.04447377605181946,optimal
625,{'AAFOLC_13495'},3.189065650710511e-17,optimal
626,{'AAFOLC_20205'},0.044473776051822796,optimal
627,{'AAFOLC_16260'},0.04447377605182538,optimal
628,{'AAFOLC_15415'},0.04447377605182538,optimal
629,{'AAFOLC_22475'},1.0060534852158027e-16,optimal
630,{'AAFOLC_07510'},0.0444737760518222,optimal
631,{'AAFOLC_09375'},0.04447377605182538,optimal
632,{'AAFOLC_02555'},0.04447377605182538,optimal
633,{'AAFOLC_10285'},0.04447377605182538,optimal
634,{'AAFOLC_07350'},0.04447377605182538,optimal
635,{'AAFOLC_10270'},0.04447377605182538,optimal
636,{'AAFOLC_09750'},0.04447377605182538,optimal
637,{'AAFOLC_02010'},0.04447377605182538,optimal
638,{'AAFOLC_21865'},0.04447377605182538,optimal
639,{'AAFOLC_12980'},0.04447377605182538,optimal
640,{'AAFOLC_17910'},,infeasible
641,{'AAFOLC_03765'},0.04447377605182305,optimal
642,{'AAFOLC_11405'},0.04447377605182351,optimal
643,{'AAFOLC_04135'},2.1419530026813436e-15,optimal
644,{'AAFOLC_18275'},0.0444737760518237,optimal
645,{'AAFOLC_22320'},-9.403234621384382e-14,optimal
646,{'AAFOLC_09010'},0.04447377605182153,optimal
647,{'AAFOLC_04225'},0.04438901867122979,optimal
648,{'AAFOLC_19585'},0.044473776051827334,optimal
649,{'AAFOLC_11220'},0.04447377605182244,optimal
650,{'AAFOLC_08715'},0.044473776051821276,optimal
651,{'AAFOLC_18585'},0.044473776051821276,optimal
652,{'AAFOLC_21820'},0.044473776051821276,optimal
653,{'AAFOLC_10860'},0.04446334442640606,optimal
654,{'AAFOLC_11035'},0.04447377605182283,optimal
655,{'AAFOLC_00425'},0.044473776051821276,optimal
656,{'AAFOLC_12990'},0.044473776051821276,optimal
657,{'AAFOLC_17185'},0.044473776051821276,optimal
658,{'AAFOLC_19620'},0.044473776051821276,optimal
659,{'AAFOLC_08760'},0.044473776051821276,optimal
660,{'AAFOLC_01875'},0.044473776051821276,optimal
661,{'AAFOLC_10255'},-1.2203414750491332e-16,optimal
662,{'AAFOLC_10870'},0.04447377605182238,optimal
663,{'AAFOLC_05725'},0.044473776051821276,optimal
664,{'AAFOLC_14990'},7.673973363394694e-18,optimal
665,{'AAFOLC_16300'},0.0,optimal
666,{'AAFOLC_20115'},0.04447377605182235,optimal
667,{'AAFOLC_15855'},5.606353974351606e-17,optimal
668,{'AAFOLC_06700'},0.04447377605182254,optimal
669,{'AAFOLC_22485'},0.044473776051819514,optimal
670,{'AAFOLC_22380'},0.04447377605182355,optimal
671,{'AAFOLC_02950'},5.3954268042754274e-14,optimal
672,{'AAFOLC_10120'},0.04447377605182319,optimal
673,{'AAFOLC_20490'},0.04447377605182355,optimal
674,{'AAFOLC_10740'},0.04447377605182355,optimal
675,{'AAFOLC_08500'},0.04447377605182355,optimal
676,{'AAFOLC_12265'},0.04447377605182355,optimal
677,{'AAFOLC_03190'},-1.4572909778710479e-16,optimal
678,{'AAFOLC_14565'},0.044473776051821706,optimal
679,{'AAFOLC_05295'},0.04447377605181878,optimal
680,{'AAFOLC_05695'},-1.947110659861796e-16,optimal
681,{'AAFOLC_18100'},0.044473776051824544,optimal
682,{'AAFOLC_02075'},0.04447377605181878,optimal
683,{'AAFOLC_09890'},0.04447377605181878,optimal
684,{'AAFOLC_08995'},0.04447377605181878,optimal
685,{'AAFOLC_03470'},1.5763422495386536e-16,optimal
686,{'AAFOLC_10150'},0.04424601886997417,optimal
687,{'AAFOLC_02815'},0.04447377605182099,optimal
688,{'AAFOLC_06095'},0.04447377605181878,optimal
689,{'AAFOLC_03500'},0.04447377605181878,optimal
690,{'AAFOLC_21310'},0.04447377605181665,optimal
691,{'AAFOLC_17175'},0.04447377605182227,optimal
692,{'AAFOLC_17470'},-2.6423716570163024e-16,optimal
693,{'AAFOLC_15785'},0.0,optimal
694,{'AAFOLC_11205'},0.0,optimal
695,{'AAFOLC_16625'},0.04447377605182197,optimal
696,{'AAFOLC_09755'},0.044473776051824385,optimal
697,{'AAFOLC_02740'},0.044473776051824385,optimal
698,{'AAFOLC_08950'},0.044473776051824385,optimal
699,{'AAFOLC_09865'},0.044473776051824385,optimal
700,{'AAFOLC_05870'},0.044473776051824385,optimal
701,{'AAFOLC_07585'},-2.88745796496246e-16,optimal
702,{'AAFOLC_22330'},0.04447377605182181,optimal
703,{'AAFOLC_16305'},0.04280602673349943,optimal
704,{'AAFOLC_17900'},,infeasible
705,{'AAFOLC_01990'},0.044473776051820464,optimal
706,{'AAFOLC_10055'},0.044473776051823406,optimal
707,{'AAFOLC_14765'},0.044473776051823406,optimal
708,{'AAFOLC_17035'},0.044473776051823406,optimal
709,{'AAFOLC_11140'},0.044473776051823406,optimal
710,{'AAFOLC_18260'},0.04445960949686315,optimal
711,{'AAFOLC_15565'},0.043437732068097694,optimal
712,{'AAFOLC_19200'},0.04447377605182275,optimal
713,{'AAFOLC_14945'},-8.926383113207089e-17,optimal
714,{'AAFOLC_05910'},0.044473776051822886,optimal
715,{'AAFOLC_10000'},0.04447377605182034,optimal
716,{'AAFOLC_12295'},0.04447377605182034,optimal
717,{'AAFOLC_10080'},0.04447377605182034,optimal
718,{'AAFOLC_16065'},0.04447377605182034,optimal
719,{'AAFOLC_20700'},0.04447377605182034,optimal
720,{'AAFOLC_17160'},0.04447377605182034,optimal
721,{'AAFOLC_04905'},2.8364538440694868e-18,optimal
722,{'AAFOLC_10660'},0.044473776051821935,optimal
723,{'AAFOLC_00675'},0.04447377605182034,optimal
724,{'AAFOLC_05150'},0.04447377605182034,optimal
725,{'AAFOLC_11020'},0.04447377605182034,optimal
726,{'AAFOLC_18565'},0.04447377605182034,optimal
727,{'AAFOLC_10850'},0.04447377605182034,optimal
728,{'AAFOLC_06955'},0.04447377605182034,optimal
729,{'AAFOLC_06185'},0.04447377605182034,optimal
730,{'AAFOLC_07990'},0.04447377605182034,optimal
731,{'AAFOLC_07690'},0.04447377605182034,optimal
732,{'AAFOLC_18270'},,infeasible
733,{'AAFOLC_14980'},1.103861190201012e-28,optimal
734,{'AAFOLC_16170'},0.044473776051818285,optimal
735,{'AAFOLC_04925'},2.774858493489512e-18,optimal
736,{'AAFOLC_01805'},0.04447377605182272,optimal
737,{'AAFOLC_15020'},0.0444737760518212,optimal
738,{'AAFOLC_15225'},0.0444737760518212,optimal
739,{'AAFOLC_13710'},-1.0033919219645929e-17,optimal
740,{'AAFOLC_17325'},0.044473776051822275,optimal
741,{'AAFOLC_18495'},0.04447377605182222,optimal
742,{'AAFOLC_13070'},-6.374070861011467e-17,optimal
743,{'AAFOLC_15030'},0.0444737760518225,optimal
744,{'AAFOLC_21170'},0.0444737760518212,optimal
745,{'AAFOLC_06065'},2.774858493489512e-18,optimal
746,{'AAFOLC_15525'},1.6500034913432105e-30,optimal
747,{'AAFOLC_02020'},0.04447377605182084,optimal
748,{'AAFOLC_18250'},0.0444737760518212,optimal
749,{'AAFOLC_13265'},0.0444737760518212,optimal
750,{'AAFOLC_09880'},0.0444737760518212,optimal
751,{'AAFOLC_14695'},0.0444737760518212,optimal
752,{'AAFOLC_19085'},0.0444737760518212,optimal
753,{'AAFOLC_14155'},0.0444737760518212,optimal
754,{'AAFOLC_20415'},0.0444737760518212,optimal
755,{'AAFOLC_01100'},0.0444737760518212,optimal
756,{'AAFOLC_07945'},-1.23870410676989e-16,optimal
757,{'AAFOLC_05710'},0.04447377605182231,optimal
758,{'AAFOLC_02280'},0.0444737760518212,optimal
759,{'AAFOLC_14490'},2.7772297217225567e-16,optimal
760,{'AAFOLC_05895'},0.044473776051822754,optimal
761,{'AAFOLC_03900'},0.0444737760518212,optimal
762,{'AAFOLC_17315'},0.0444737760518212,optimal
763,{'AAFOLC_20945'},4.3428165003675754e-17,optimal
764,{'AAFOLC_17180'},0.04447377605182184,optimal
765,{'AAFOLC_19020'},0.0444737760518212,optimal
766,{'AAFOLC_09270'},0.0444737760518212,optimal
767,{'AAFOLC_13510'},0.0444737760518212,optimal
768,{'AAFOLC_04140'},0.044473776051821214,optimal
769,{'AAFOLC_10280'},0.044473776051819236,optimal
770,{'AAFOLC_11865'},0.044473776051819236,optimal
771,{'AAFOLC_02875'},0.044473776051819236,optimal
772,{'AAFOLC_15875'},0.044473776051819236,optimal
773,{'AAFOLC_16070'},0.044473776051819236,optimal
774,{'AAFOLC_06610'},0.044473776051819236,optimal
775,{'AAFOLC_19755'},0.044473776051819236,optimal
776,{'AAFOLC_08460'},0.044473776051819236,optimal
777,{'AAFOLC_05305'},0.044473776051819236,optimal
778,{'AAFOLC_13830'},0.044473776051819236,optimal
779,{'AAFOLC_02800'},0.044473776051819236,optimal
780,{'AAFOLC_09685'},0.044473776051819236,optimal
781,{'AAFOLC_03595'},-2.496657196778859e-16,optimal
782,{'AAFOLC_16765'},0.044473776051822296,optimal
783,{'AAFOLC_17590'},0.04447377605182331,optimal
784,{'AAFOLC_20235'},0.04447377605182331,optimal
785,{'AAFOLC_13120'},0.04447377605182331,optimal
786,{'AAFOLC_08300'},-2.688060245066766e-16,optimal
787,{'AAFOLC_07590'},0.0444737760518217,optimal
788,{'AAFOLC_16430'},0.04447377605182331,optimal
789,{'AAFOLC_06665'},0.04447377605182331,optimal
790,{'AAFOLC_10885'},0.04447377605182331,optimal
791,{'AAFOLC_02220'},0.04447377605182331,optimal
792,{'AAFOLC_13150'},0.04447377605182331,optimal
793,{'AAFOLC_04935'},0.04447377605182331,optimal
794,{'AAFOLC_02425'},0.04447377605182331,optimal
795,{'AAFOLC_08280'},0.04447377605182331,optimal
796,{'AAFOLC_11135'},0.04447377605182331,optimal
797,{'AAFOLC_05210'},-9.483420639776073e-17,optimal
798,{'AAFOLC_08470'},0.0444737760518215,optimal
799,{'AAFOLC_16780'},0.04447377605182331,optimal
800,{'AAFOLC_03565'},0.04447377605182331,optimal
801,{'AAFOLC_07800'},0.04447377605182331,optimal
802,{'AAFOLC_09415'},0.04447377605182331,optimal
803,{'AAFOLC_08655'},0.04447377605182331,optimal
804,{'AAFOLC_03605'},0.04447377605182331,optimal
805,{'AAFOLC_10310'},0.04447377605182331,optimal
806,{'AAFOLC_10685'},0.04447377605182331,optimal
807,{'AAFOLC_15200'},0.04447377605182331,optimal
808,{'AAFOLC_20420'},6.834612757917691e-17,optimal
809,{'AAFOLC_12290'},0.04447377605182342,optimal
810,{'AAFOLC_20965'},0.044473776051826196,optimal
811,{'AAFOLC_08450'},0.044473776051826196,optimal
812,{'AAFOLC_01070'},0.044473776051826196,optimal
813,{'AAFOLC_02080'},0.044473776051826196,optimal
814,{'AAFOLC_01810'},0.044473776051826196,optimal
815,{'AAFOLC_04185'},0.044473776051826196,optimal
816,{'AAFOLC_13060'},-3.626754515763132e-17,optimal
817,{'AAFOLC_09595'},0.04447377605182426,optimal
818,{'AAFOLC_18355'},0.04447377605182331,optimal
819,{'AAFOLC_15335'},-2.3591779036083163e-16,optimal
820,{'AAFOLC_16085'},0.04447377605182227,optimal
821,{'AAFOLC_04830'},0.04447377605182331,optimal
822,{'AAFOLC_01365'},0.04447377605182331,optimal
823,{'AAFOLC_16710'},0.04447377605182331,optimal
824,{'AAFOLC_19575'},0.04447377605182331,optimal
825,{'AAFOLC_20940'},0.04447377605182331,optimal
826,{'AAFOLC_13240'},8.833323227402062e-17,optimal
827,{'AAFOLC_19800'},0.04447377605182335,optimal
828,{'AAFOLC_17695'},0.04447377605182331,optimal
829,{'AAFOLC_17905'},,infeasible
830,{'AAFOLC_09475'},0.04447377605183632,optimal
831,{'AAFOLC_07420'},0.044473776051823066,optimal
832,{'AAFOLC_03300'},1.1640633904626943e-16,optimal
833,{'AAFOLC_03570'},0.04447377605182098,optimal
834,{'AAFOLC_22430'},-9.440775698884702e-17,optimal
835,{'AAFOLC_00625'},0.044473776051822206,optimal
836,{'AAFOLC_04725'},0.044473776051823066,optimal
837,{'AAFOLC_14965'},0.044473776051823066,optimal
838,{'AAFOLC_20350'},0.044473776051823066,optimal
839,{'AAFOLC_13235'},-1.2456888473974267e-17,optimal
840,{'AAFOLC_05260'},0.044473776051823115,optimal
841,{'AAFOLC_03625'},0.044473776051823066,optimal
842,{'AAFOLC_22495'},-1.2456888473974256e-17,optimal
843,{'AAFOLC_08330'},0.04447377605182281,optimal
844,{'AAFOLC_01820'},0.044473776051823066,optimal
845,{'AAFOLC_15500'},0.044473776051823066,optimal
846,{'AAFOLC_22115'},0.044473776051823066,optimal
847,{'AAFOLC_11000'},0.044473776051823066,optimal
848,{'AAFOLC_11235'},0.044473776051823066,optimal
849,{'AAFOLC_04230'},0.044473776051823066,optimal
850,{'AAFOLC_22470'},0.044473776051823066,optimal
851,{'AAFOLC_10600'},0.044473776051823066,optimal
852,{'AAFOLC_18785'},0.044473776051823066,optimal
853,{'AAFOLC_07310'},0.044473776051823066,optimal
854,{'AAFOLC_20310'},0.044473776051823066,optimal
855,{'AAFOLC_03405'},0.044473776051823066,optimal
856,{'AAFOLC_14345'},0.044473776051823066,optimal
857,{'AAFOLC_14975'},0.044473776051823066,optimal
858,{'AAFOLC_06515'},0.044473776051823066,optimal
859,{'AAFOLC_13325'},0.044473776051823066,optimal
860,{'AAFOLC_02485'},0.044473776051823066,optimal
861,{'AAFOLC_11340'},0.044473776051823066,optimal
862,{'AAFOLC_11345'},0.044473776051823066,optimal
863,{'AAFOLC_10795'},0.044473776051823066,optimal
864,{'AAFOLC_18280'},-1.5247605679728616e-17,optimal
865,{'AAFOLC_09565'},0.0444737760518267,optimal
866,{'AAFOLC_08035'},0.044389018671225335,optimal
867,{'AAFOLC_17860'},0.04447377605182365,optimal
868,{'AAFOLC_06630'},0.044473776051821796,optimal
869,{'AAFOLC_13245'},0.044473776051821796,optimal
870,{'AAFOLC_18195'},0.044473776051821796,optimal
871,{'AAFOLC_11050'},0.044473776051821796,optimal
872,{'AAFOLC_03665'},0.044473776051821796,optimal
873,{'AAFOLC_06180'},0.044473776051821796,optimal
874,{'AAFOLC_04130'},0.044473776051821796,optimal
875,{'AAFOLC_01020'},0.044473776051821796,optimal
876,{'AAFOLC_12305'},0.044473776051821796,optimal
877,{'AAFOLC_09265'},0.044473776051821796,optimal
878,{'AAFOLC_11125'},0.044473776051821796,optimal
879,{'AAFOLC_13950'},-2.995150895256202e-16,optimal
880,{'AAFOLC_21255'},0.04447377605182435,optimal
881,{'AAFOLC_00815'},0.044473776051820485,optimal
882,{'AAFOLC_10110'},0.044473776051820485,optimal
883,{'AAFOLC_15620'},0.044473776051820485,optimal
884,{'AAFOLC_02505'},0.044473776051820485,optimal
885,{'AAFOLC_13200'},0.044473776051820485,optimal
886,{'AAFOLC_06480'},-1.1763099014183788e-16,optimal
887,{'AAFOLC_15930'},0.04447377605182518,optimal
888,{'AAFOLC_07030'},0.04444625236887348,optimal
889,{'AAFOLC_16545'},0.044473776051823566,optimal
890,{'AAFOLC_02830'},0.044473776051820485,optimal
891,{'AAFOLC_14095'},0.044473776051820485,optimal
892,{'AAFOLC_05785'},-1.4131567837165394e-16,optimal
893,{'AAFOLC_17310'},0.04447377605182621,optimal
894,{'AAFOLC_18065'},0.044473776051824544,optimal
895,{'AAFOLC_08440'},0.044473776051824544,optimal
896,{'AAFOLC_00695'},0.044473776051824544,optimal
897,{'AAFOLC_02060'},0.044473776051824544,optimal
898,{'AAFOLC_04115'},0.04447366327714107,optimal
899,{'AAFOLC_22480'},0.04447377605182314,optimal
900,{'AAFOLC_00045'},0.044473776051824544,optimal
901,{'AAFOLC_14010'},0.044473776051824544,optimal
902,{'AAFOLC_06170'},0.044473776051824544,optimal
903,{'AAFOLC_05290'},0.044473776051824544,optimal
904,{'AAFOLC_00360'},0.044473776051824544,optimal
905,{'AAFOLC_17370'},0.044473776051824544,optimal
906,{'AAFOLC_15465'},,infeasible
907,{'AAFOLC_21810'},0.04447377605182798,optimal
908,{'AAFOLC_09670'},0.04447377605182333,optimal
909,{'AAFOLC_19640'},0.044473776051823795,optimal
910,{'AAFOLC_07285'},0.044473776051823795,optimal
911,{'AAFOLC_02605'},0.044473776051823795,optimal
912,{'AAFOLC_04950'},0.044473776051823795,optimal
913,{'AAFOLC_00300'},0.044473776051823795,optimal
914,{'AAFOLC_00665'},0.044473776051823795,optimal
915,{'AAFOLC_16855'},0.044473776051823795,optimal
916,{'AAFOLC_09490'},0.044473776051823795,optimal
917,{'AAFOLC_06425'},0.044473776051823795,optimal
918,{'AAFOLC_02765'},0.044473776051823795,optimal
919,{'AAFOLC_21610'},0.044473776051823795,optimal
920,{'AAFOLC_00275'},0.044473776051823795,optimal
921,{'AAFOLC_10485'},0.044473776051823795,optimal
922,{'AAFOLC_01590'},0.044473776051823795,optimal
923,{'AAFOLC_08370'},0.044473776051823795,optimal
924,{'AAFOLC_12210'},0.044473776051823795,optimal
925,{'AAFOLC_00440'},0.044473776051823795,optimal
926,{'AAFOLC_13740'},0.044473776051823795,optimal
927,{'AAFOLC_07010'},0.044473776051823795,optimal
928,{'AAFOLC_07935'},0.044473776051823795,optimal
929,{'AAFOLC_21805'},0.044473776051823795,optimal
930,{'AAFOLC_02920'},-1.1909188796116484e-16,optimal
931,{'AAFOLC_00030'},0.0,optimal
932,{'AAFOLC_16540'},0.044473776051821706,optimal
933,{'AAFOLC_06475'},0.044473776051823795,optimal
934,{'AAFOLC_15835'},4.316960905217012e-19,optimal
935,{'AAFOLC_19080'},0.044473776051822435,optimal
936,{'AAFOLC_03475'},-9.521307291625899e-17,optimal
937,{'AAFOLC_04170'},-5.254069246550494e-16,optimal
938,{'AAFOLC_04810'},0.044473776051826064,optimal
939,{'AAFOLC_03025'},0.044473776051823795,optimal
940,{'AAFOLC_04045'},0.044473776051823795,optimal
941,{'AAFOLC_13450'},0.044473776051823795,optimal
942,{'AAFOLC_05205'},0.044473776051823795,optimal
943,{'AAFOLC_02450'},0.04447377605182374,optimal
944,{'AAFOLC_09635'},0.043937397395698644,optimal
945,{'AAFOLC_13535'},0.04447377605181866,optimal
946,{'AAFOLC_07640'},0.022933351989461517,optimal
947,{'AAFOLC_05250'},0.04447377605182273,optimal
948,{'AAFOLC_18425'},0.044473776051825085,optimal
949,{'AAFOLC_17955'},0.044473776051825085,optimal
950,{'AAFOLC_07145'},0.044473776051825085,optimal
951,{'AAFOLC_08110'},0.044473776051825085,optimal
952,{'AAFOLC_04120'},0.044473663277141404,optimal
953,{'AAFOLC_03020'},0.04447377605182416,optimal
954,{'AAFOLC_09745'},0.044473776051825085,optimal
955,{'AAFOLC_07235'},0.044473776051822164,optimal
956,{'AAFOLC_20740'},0.044473776051822164,optimal
957,{'AAFOLC_10665'},0.044473776051822164,optimal
958,{'AAFOLC_18445'},2.629691527573444e-16,optimal
959,{'AAFOLC_07220'},0.04447377605182334,optimal
960,{'AAFOLC_17425'},0.044473776051822164,optimal
961,{'AAFOLC_06715'},0.044473776051822164,optimal
962,{'AAFOLC_18140'},0.044473776051822164,optimal
963,{'AAFOLC_07065'},0.044473776051822164,optimal
964,{'AAFOLC_03660'},-1.9090101153208029e-16,optimal
965,{'AAFOLC_17050'},0.04447377605182188,optimal
966,{'AAFOLC_14985'},4.355527011183752e-18,optimal
967,{'AAFOLC_10245'},0.04447377605182325,optimal
968,{'AAFOLC_00365'},3.1906815466402867e-13,optimal
969,{'AAFOLC_09200'},0.04447377605182349,optimal
970,{'AAFOLC_00055'},0.0444737760518206,optimal
971,{'AAFOLC_14915'},0.0444737760518206,optimal
972,{'AAFOLC_10770'},0.0444737760518206,optimal
