pi_flux(mmol/gdw/h),Growth Rate(h-1),pi_rate(g/l/h)
0.014,0.044019216,0.032229019
0.01399,0.043987773,0.032205998
0.01398,0.043956331,0.032182978
0.01397,0.043924889,0.032159957
0.01396,0.043893447,0.032136936
0.01395,0.043862004,0.032113916
0.01394,0.043830562,0.032090895
0.01393,0.04379912,0.032067874
0.01392,0.043767677,0.032044853
0.01391,0.043736235,0.032021833
0.0139,0.043704793,0.031998812
0.01389,0.043673351,0.031975791
0.01388,0.043641908,0.03195277
0.01387,0.043610466,0.03192975
0.01386,0.043579024,0.031906729
0.01385,0.043547581,0.031883708
0.01384,0.043516139,0.031860688
0.01383,0.043484697,0.031837667
0.01382,0.043453254,0.031814646
0.01381,0.043421812,0.031791625
0.0138,0.04339037,0.031768605
0.01379,0.043358928,0.031745584
0.01378,0.043327485,0.031722563
0.01377,0.043296043,0.031699542
0.01376,0.043264601,0.031676522
0.01375,0.043233158,0.031653501
0.01374,0.043201716,0.03163048
0.01373,0.043170274,0.03160746
0.01372,0.043138831,0.031584439
0.01371,0.043107389,0.031561418
0.0137,0.043075947,0.031538397
0.01369,0.043044505,0.031515377
0.01368,0.043013062,0.031492356
0.01367,0.04298162,0.031469335
0.01366,0.042950178,0.031446314
0.01365,0.042918735,0.031423294
0.01364,0.042887293,0.031400273
0.01363,0.042855851,0.031377252
0.01362,0.042824409,0.031354232
0.01361,0.042792966,0.031331211
0.0136,0.042761524,0.03130819
0.01359,0.042730082,0.031285169
0.01358,0.042698639,0.031262149
0.01357,0.042667197,0.031239128
0.01356,0.042635755,0.031216107
0.01355,0.042604312,0.031193086
0.01354,0.04257287,0.031170066
0.01353,0.042541428,0.031147045
0.01352,0.042509986,0.031124024
0.01351,0.042478543,0.031101004
0.0135,0.042447101,0.031077983
0.01349,0.042415659,0.031054962
0.01348,0.042384216,0.031031941
0.01347,0.042352774,0.031008921
0.01346,0.042321332,0.0309859
0.01345,0.042289889,0.030962879
0.01344,0.042258447,0.030939858
0.01343,0.042227005,0.030916838
0.01342,0.042195563,0.030893817
0.01341,0.04216412,0.030870796
0.0134,0.042132678,0.030847776
0.01339,0.042101236,0.030824755
0.01338,0.042069793,0.030801734
0.01337,0.042038351,0.030778713
0.01336,0.042006909,0.030755693
0.01335,0.041975466,0.030732672
0.01334,0.041944024,0.030709651
0.01333,0.041912582,0.03068663
0.01332,0.04188114,0.03066361
0.01331,0.041849697,0.030640589
0.0133,0.041818255,0.030617568
0.01329,0.041786813,0.030594548
0.01328,0.04175537,0.030571527
0.01327,0.041723928,0.030548506
0.01326,0.041692486,0.030525485
0.01325,0.041661044,0.030502465
0.01324,0.041629601,0.030479444
0.01323,0.041598159,0.030456423
0.01322,0.041566717,0.030433402
0.01321,0.041535274,0.030410382
0.0132,0.041503832,0.030387361
0.01319,0.04147239,0.03036434
0.01318,0.041440947,0.03034132
0.01317,0.041409505,0.030318299
0.01316,0.041378063,0.030295278
0.01315,0.041346621,0.030272257
0.01314,0.041315178,0.030249237
0.01313,0.041283736,0.030226216
0.01312,0.041252294,0.030203195
0.01311,0.041220851,0.030180174
0.0131,0.041189409,0.030157154
0.01309,0.041157967,0.030134133
0.01308,0.041126524,0.030111112
0.01307,0.041095082,0.030088091
0.01306,0.04106364,0.030065071
0.01305,0.041032198,0.03004205
0.01304,0.041000755,0.030019029
0.01303,0.040969313,0.029996009
0.01302,0.040937871,0.029972988
0.01301,0.040906428,0.029949967
0.013,0.040874986,0.029926946
0.01299,0.040843544,0.029903926
0.01298,0.040812101,0.029880905
0.01297,0.040780659,0.029857884
0.01296,0.040749217,0.029834863
0.01295,0.040717775,0.029811843
0.01294,0.040686332,0.029788822
0.01293,0.04065489,0.029765801
0.01292,0.040623448,0.029742781
0.01291,0.040592005,0.02971976
0.0129,0.040560563,0.029696739
0.01289,0.040529121,0.029673718
0.01288,0.040497679,0.029650698
0.01287,0.040466236,0.029627677
0.01286,0.040434794,0.029604656
0.01285,0.040403352,0.029581635
0.01284,0.040371909,0.029558615
0.01283,0.040340467,0.029535594
0.01282,0.040309025,0.029512573
0.01281,0.040277582,0.029489553
0.0128,0.04024614,0.029466532
0.01279,0.040214698,0.029443511
0.01278,0.040183256,0.02942049
0.01277,0.040151813,0.02939747
0.01276,0.040120371,0.029374449
0.01275,0.040088929,0.029351428
0.01274,0.040057486,0.029328407
0.01273,0.040026044,0.029305387
0.01272,0.039994602,0.029282366
0.01271,0.039963159,0.029259345
0.0127,0.039931717,0.029236325
0.01269,0.039900275,0.029213304
0.01268,0.039868833,0.029190283
0.01267,0.03983739,0.029167262
0.01266,0.039805948,0.029144242
0.01265,0.039774506,0.029121221
0.01264,0.039743063,0.0290982
0.01263,0.039711621,0.029075179
0.01262,0.039680179,0.029052159
0.01261,0.039648737,0.029029138
0.0126,0.039617294,0.029006117
0.01259,0.039585852,0.028983097
0.01258,0.03955441,0.028960076
0.01257,0.039522967,0.028937055
0.01256,0.039491525,0.028914034
0.01255,0.039460083,0.028891014
0.01254,0.03942864,0.028867993
0.01253,0.039397198,0.028844972
0.01252,0.039365756,0.028821951
0.01251,0.039334314,0.028798931
0.0125,0.039302871,0.02877591
0.01249,0.039271429,0.028752889
0.01248,0.039239987,0.028729869
0.01247,0.039208544,0.028706848
0.01246,0.039177102,0.028683827
0.01245,0.03914566,0.028660806
0.01244,0.039114217,0.028637786
0.01243,0.039082775,0.028614765
0.01242,0.039051333,0.028591744
0.01241,0.039019891,0.028568723
0.0124,0.038988448,0.028545703
0.01239,0.038957006,0.028522682
0.01238,0.038925564,0.028499661
0.01237,0.038894121,0.028476641
0.01236,0.038862679,0.02845362
0.01235,0.038831237,0.028430599
0.01234,0.038799794,0.028407578
0.01233,0.038768352,0.028384558
0.01232,0.03873691,0.028361537
0.01231,0.038705468,0.028338516
0.0123,0.038674025,0.028315495
0.01229,0.038642583,0.028292475
0.01228,0.038611141,0.028269454
0.01227,0.038579698,0.028246433
0.01226,0.038548256,0.028223413
0.01225,0.038516814,0.028200392
0.01224,0.038485372,0.028177371
0.01223,0.038453929,0.02815435
0.01222,0.038422487,0.02813133
0.01221,0.038391045,0.028108309
0.0122,0.038359602,0.028085288
0.01219,0.03832816,0.028062267
0.01218,0.038296718,0.028039247
0.01217,0.038265275,0.028016226
0.01216,0.038233833,0.027993205
0.01215,0.038202391,0.027970185
0.01214,0.038170949,0.027947164
0.01213,0.038139506,0.027924143
0.01212,0.038108064,0.027901122
0.01211,0.038076622,0.027878102
0.0121,0.038045179,0.027855081
0.01209,0.038013737,0.02783206
0.01208,0.037982295,0.027809039
0.01207,0.037950852,0.027786019
0.01206,0.03791941,0.027762998
0.01205,0.037887968,0.027739977
0.01204,0.037856526,0.027716957
0.01203,0.037825083,0.027693936
0.01202,0.037793641,0.027670915
0.01201,0.037762199,0.027647894
0.012,0.037730756,0.027624874
0.01199,0.037699314,0.027601853
0.01198,0.037667872,0.027578832
0.01197,0.037636429,0.027555811
0.01196,0.037604987,0.027532791
0.01195,0.037573545,0.02750977
0.01194,0.037542103,0.027486749
0.01193,0.03751066,0.027463729
0.01192,0.037479218,0.027440708
0.01191,0.037447776,0.027417687
0.0119,0.037416333,0.027394666
0.01189,0.037384891,0.027371646
0.01188,0.037353449,0.027348625
0.01187,0.037322007,0.027325604
0.01186,0.037290564,0.027302583
0.01185,0.037259122,0.027279563
0.01184,0.03722768,0.027256542
0.01183,0.037196237,0.027233521
0.01182,0.037164795,0.0272105
0.01181,0.037133353,0.02718748
0.0118,0.03710191,0.027164459
0.01179,0.037070468,0.027141438
0.01178,0.037039026,0.027118418
0.01177,0.037007584,0.027095397
0.01176,0.036976141,0.027072376
0.01175,0.036944699,0.027049355
0.01174,0.036913257,0.027026335
0.01173,0.036881814,0.027003314
0.01172,0.036850372,0.026980293
0.01171,0.03681893,0.026957272
0.0117,0.036787487,0.026934252
0.01169,0.036756045,0.026911231
0.01168,0.036724603,0.02688821
0.01167,0.036693161,0.02686519
0.01166,0.036661718,0.026842169
0.01165,0.036630276,0.026819148
0.01164,0.036598834,0.026796127
0.01163,0.036567391,0.026773107
0.01162,0.036535949,0.026750086
0.01161,0.036504507,0.026727065
0.0116,0.036473065,0.026704044
0.01159,0.036441622,0.026681024
0.01158,0.03641018,0.026658003
0.01157,0.036378738,0.026634982
0.01156,0.036347295,0.026611962
0.01155,0.036315853,0.026588941
0.01154,0.036284411,0.02656592
0.01153,0.036252968,0.026542899
0.01152,0.036221526,0.026519879
0.01151,0.036190084,0.026496858
0.0115,0.036158642,0.026473837
0.01149,0.036127199,0.026450816
0.01148,0.036095757,0.026427796
0.01147,0.036064315,0.026404775
0.01146,0.036032872,0.026381754
0.01145,0.03600143,0.026358734
0.01144,0.035969988,0.026335713
0.01143,0.035938545,0.026312692
0.01142,0.035907103,0.026289671
0.01141,0.035875661,0.026266651
0.0114,0.035844219,0.02624363
0.01139,0.035812776,0.026220609
0.01138,0.035781334,0.026197588
0.01137,0.035749892,0.026174568
0.01136,0.035718449,0.026151547
0.01135,0.035687007,0.026128526
0.01134,0.035655565,0.026105506
0.01133,0.035624122,0.026082485
0.01132,0.03559268,0.026059464
0.01131,0.035561238,0.026036443
0.0113,0.035529796,0.026013423
0.01129,0.035498353,0.025990402
0.01128,0.035466911,0.025967381
0.01127,0.035435469,0.02594436
0.01126,0.035404026,0.02592134
0.01125,0.035372584,0.025898319
0.01124,0.035341142,0.025875298
0.01123,0.0353097,0.025852278
0.01122,0.035278257,0.025829257
0.01121,0.035246815,0.025806236
0.0112,0.035215373,0.025783215
0.01119,0.03518393,0.025760195
0.01118,0.035152488,0.025737174
0.01117,0.035121046,0.025714153
0.01116,0.035089603,0.025691132
0.01115,0.035058161,0.025668112
0.01114,0.035026719,0.025645091
0.01113,0.034995277,0.02562207
0.01112,0.034963834,0.02559905
0.01111,0.034932392,0.025576029
0.0111,0.03490095,0.025553008
0.01109,0.034869507,0.025529987
0.01108,0.034838065,0.025506967
0.01107,0.034806623,0.025483946
0.01106,0.03477518,0.025460925
0.01105,0.034743738,0.025437904
0.01104,0.034712296,0.025414884
0.01103,0.034680854,0.025391863
0.01102,0.034649411,0.025368842
0.01101,0.034617969,0.025345822
0.011,0.034586527,0.025322801
0.01099,0.034555084,0.02529978
0.01098,0.034523642,0.025276759
0.01097,0.0344922,0.025253739
0.01096,0.034460758,0.025230718
0.01095,0.034429315,0.025207697
0.01094,0.034397873,0.025184676
0.01093,0.034366431,0.025161656
0.01092,0.034334988,0.025138635
0.01091,0.034303546,0.025115614
0.0109,0.034272104,0.025092594
0.01089,0.034240661,0.025069573
0.01088,0.034209219,0.025046552
0.01087,0.034177777,0.025023531
0.01086,0.034146335,0.025000511
0.01085,0.034114892,0.02497749
0.01084,0.03408345,0.024954469
0.01083,0.034052008,0.024931448
0.01082,0.034020565,0.024908428
0.01081,0.033989123,0.024885407
0.0108,0.033957681,0.024862386
0.01079,0.033926238,0.024839366
0.01078,0.033894796,0.024816345
0.01077,0.033863354,0.024793324
0.01076,0.033831912,0.024770303
0.01075,0.033800469,0.024747283
0.01074,0.033769027,0.024724262
0.01073,0.033737585,0.024701241
0.01072,0.033706142,0.02467822
0.01071,0.0336747,0.0246552
0.0107,0.033643258,0.024632179
0.01069,0.033611815,0.024609158
0.01068,0.033580373,0.024586138
0.01067,0.033548931,0.024563117
0.01066,0.033517489,0.024540096
0.01065,0.033486046,0.024517075
0.01064,0.033454604,0.024494055
0.01063,0.033423162,0.024471034
0.01062,0.033391719,0.024448013
0.01061,0.033360277,0.024424992
0.0106,0.033328835,0.024401972
0.01059,0.033297393,0.024378951
0.01058,0.03326595,0.02435593
0.01057,0.033234508,0.024332909
0.01056,0.033203066,0.024309889
0.01055,0.033171623,0.024286868
0.01054,0.033140181,0.024263847
0.01053,0.033108739,0.024240827
0.01052,0.033077296,0.024217806
0.01051,0.033045854,0.024194785
0.0105,0.033014412,0.024171764
0.01049,0.03298297,0.024148744
0.01048,0.032951527,0.024125723
0.01047,0.032920085,0.024102702
0.01046,0.032888643,0.024079681
0.01045,0.0328572,0.024056661
0.01044,0.032825758,0.02403364
0.01043,0.032794316,0.024010619
0.01042,0.032762873,0.023987599
0.01041,0.032731431,0.023964578
0.0104,0.032699989,0.023941557
0.01039,0.032668547,0.023918536
0.01038,0.032637104,0.023895516
0.01037,0.032605662,0.023872495
0.01036,0.03257422,0.023849474
0.01035,0.032542777,0.023826453
0.01034,0.032511335,0.023803433
0.01033,0.032479893,0.023780412
0.01032,0.03244845,0.023757391
0.01031,0.032417008,0.023734371
0.0103,0.032385566,0.02371135
0.01029,0.032354124,0.023688329
0.01028,0.032322681,0.023665308
0.01027,0.032291239,0.023642288
0.01026,0.032259797,0.023619267
0.01025,0.032228354,0.023596246
0.01024,0.032196912,0.023573225
0.01023,0.03216547,0.023550205
0.01022,0.032134028,0.023527184
0.01021,0.032102585,0.023504163
0.0102,0.032071143,0.023481143
0.01019,0.032039701,0.023458122
0.01018,0.032008258,0.023435101
0.01017,0.031976816,0.02341208
0.01016,0.031945374,0.02338906
0.01015,0.031913931,0.023366039
0.01014,0.031882489,0.023343018
0.01013,0.031851047,0.023319997
0.01012,0.031819605,0.023296977
0.01011,0.031788162,0.023273956
0.0101,0.03175672,0.023250935
0.01009,0.031725278,0.023227915
0.01008,0.031693835,0.023204894
0.01007,0.031662393,0.023181873
0.01006,0.031630951,0.023158852
0.01005,0.031599508,0.023135832
0.01004,0.031568066,0.023112811
0.01003,0.031536624,0.02308979
0.01002,0.031505182,0.023066769
0.01001,0.031473739,0.023043749
0.01,0.031442297,0.023020728
0.00999,0.031410855,0.022997707
0.00998,0.031379412,0.022974687
0.00997,0.03134797,0.022951666
0.00996,0.031316528,0.022928645
0.00995,0.031285086,0.022905624
0.00994,0.031253643,0.022882604
0.00993,0.031222201,0.022859583
0.00992,0.031190759,0.022836562
0.00991,0.031159316,0.022813541
0.0099,0.031127874,0.022790521
0.00989,0.031096432,0.0227675
0.00988,0.031064989,0.022744479
0.00987,0.031033547,0.022721459
0.00986,0.031002105,0.022698438
0.00985,0.030970663,0.022675417
0.00984,0.03093922,0.022652396
0.00983,0.030907778,0.022629376
0.00982,0.030876336,0.022606355
0.00981,0.030844893,0.022583334
0.0098,0.030813451,0.022560313
0.00979,0.030782009,0.022537293
0.00978,0.030750566,0.022514272
0.00977,0.030719124,0.022491251
0.00976,0.030687682,0.022468231
0.00975,0.03065624,0.02244521
0.00974,0.030624797,0.022422189
0.00973,0.030593355,0.022399168
0.00972,0.030561913,0.022376148
0.00971,0.03053047,0.022353127
0.0097,0.030499028,0.022330106
0.00969,0.030467586,0.022307085
0.00968,0.030436143,0.022284065
0.00967,0.030404701,0.022261044
0.00966,0.030373259,0.022238023
0.00965,0.030341817,0.022215003
0.00964,0.030310374,0.022191982
0.00963,0.030278932,0.022168961
0.00962,0.03024749,0.02214594
0.00961,0.030216047,0.02212292
0.0096,0.030184605,0.022099899
0.00959,0.030153163,0.022076878
0.00958,0.030121721,0.022053857
0.00957,0.030090278,0.022030837
0.00956,0.030058836,0.022007816
0.00955,0.030027394,0.021984795
0.00954,0.029995951,0.021961775
0.00953,0.029964509,0.021938754
0.00952,0.029933067,0.021915733
0.00951,0.029901624,0.021892712
0.0095,0.029870182,0.021869692
0.00949,0.02983874,0.021846671
0.00948,0.029807298,0.02182365
0.00947,0.029775855,0.021800629
0.00946,0.029744413,0.021777609
0.00945,0.029712971,0.021754588
0.00944,0.029681528,0.021731567
0.00943,0.029650086,0.021708547
0.00942,0.029618644,0.021685526
0.00941,0.029587201,0.021662505
0.0094,0.029555759,0.021639484
0.00939,0.029524317,0.021616464
0.00938,0.029492875,0.021593443
0.00937,0.029461432,0.021570422
0.00936,0.02942999,0.021547401
0.00935,0.029398548,0.021524381
0.00934,0.029367105,0.02150136
0.00933,0.029335663,0.021478339
0.00932,0.029304221,0.021455318
0.00931,0.029272778,0.021432298
0.0093,0.029241336,0.021409277
0.00929,0.029209894,0.021386256
0.00928,0.029178452,0.021363236
0.00927,0.029147009,0.021340215
0.00926,0.029115567,0.021317194
0.00925,0.029084125,0.021294173
0.00924,0.029052682,0.021271153
0.00923,0.02902124,0.021248132
0.00922,0.028989798,0.021225111
0.00921,0.028958356,0.02120209
0.0092,0.028926913,0.02117907
0.00919,0.028895471,0.021156049
0.00918,0.028864029,0.021133028
0.00917,0.028832586,0.021110008
0.00916,0.028801144,0.021086987
0.00915,0.028769702,0.021063966
0.00914,0.028738259,0.021040945
0.00913,0.028706817,0.021017925
0.00912,0.028675375,0.020994904
0.00911,0.028643933,0.020971883
0.0091,0.02861249,0.020948862
0.00909,0.028581048,0.020925842
0.00908,0.028549606,0.020902821
0.00907,0.028518163,0.0208798
0.00906,0.028486721,0.02085678
0.00905,0.028455279,0.020833759
0.00904,0.028423836,0.020810738
0.00903,0.028392394,0.020787717
0.00902,0.028360952,0.020764697
0.00901,0.02832951,0.020741676
0.009,0.028298067,0.020718655
0.00899,0.028266625,0.020695634
0.00898,0.028235183,0.020672614
0.00897,0.02820374,0.020649593
0.00896,0.028172298,0.020626572
0.00895,0.028140856,0.020603552
0.00894,0.028109414,0.020580531
0.00893,0.028077971,0.02055751
0.00892,0.028046529,0.020534489
0.00891,0.028015087,0.020511469
0.0089,0.027983644,0.020488448
0.00889,0.027952202,0.020465427
0.00888,0.02792076,0.020442406
0.00887,0.027889317,0.020419386
0.00886,0.027857875,0.020396365
0.00885,0.027826433,0.020373344
0.00884,0.027794991,0.020350324
0.00883,0.027763548,0.020327303
0.00882,0.027732106,0.020304282
0.00881,0.027700664,0.020281261
0.0088,0.027669221,0.020258241
0.00879,0.027637779,0.02023522
0.00878,0.027606337,0.020212199
0.00877,0.027574894,0.020189178
0.00876,0.027543452,0.020166158
0.00875,0.02751201,0.020143137
0.00874,0.027480568,0.020120116
0.00873,0.027449125,0.020097096
0.00872,0.027417683,0.020074075
0.00871,0.027386241,0.020051054
0.0087,0.027354798,0.020028033
0.00869,0.027323356,0.020005013
0.00868,0.027291914,0.019981992
0.00867,0.027260471,0.019958971
0.00866,0.027229029,0.01993595
0.00865,0.027197587,0.01991293
0.00864,0.027166145,0.019889909
0.00863,0.027134702,0.019866888
0.00862,0.02710326,0.019843868
0.00861,0.027071818,0.019820847
0.0086,0.027040375,0.019797826
0.00859,0.027008933,0.019774805
0.00858,0.026977491,0.019751785
0.00857,0.026946049,0.019728764
0.00856,0.026914606,0.019705743
0.00855,0.026883164,0.019682722
0.00854,0.026851722,0.019659702
0.00853,0.026820279,0.019636681
0.00852,0.026788837,0.01961366
0.00851,0.026757395,0.01959064
0.0085,0.026725952,0.019567619
0.00849,0.02669451,0.019544598
0.00848,0.026663068,0.019521577
0.00847,0.026631626,0.019498557
0.00846,0.026600183,0.019475536
0.00845,0.026568741,0.019452515
0.00844,0.026537299,0.019429494
0.00843,0.026505856,0.019406474
0.00842,0.026474414,0.019383453
0.00841,0.026442972,0.019360432
0.0084,0.026411529,0.019337412
0.00839,0.026380087,0.019314391
0.00838,0.026348645,0.01929137
0.00837,0.026317203,0.019268349
0.00836,0.02628576,0.019245329
0.00835,0.026254318,0.019222308
0.00834,0.026222876,0.019199287
0.00833,0.026191433,0.019176266
0.00832,0.026159991,0.019153246
0.00831,0.026128549,0.019130225
0.0083,0.026097107,0.019107204
0.00829,0.026065664,0.019084184
0.00828,0.026034222,0.019061163
0.00827,0.02600278,0.019038142
0.00826,0.025971337,0.019015121
0.00825,0.025939895,0.018992101
0.00824,0.025908453,0.01896908
0.00823,0.02587701,0.018946059
0.00822,0.025845568,0.018923038
0.00821,0.025814126,0.018900018
0.0082,0.025782684,0.018876997
0.00819,0.025751241,0.018853976
0.00818,0.025719799,0.018830956
0.00817,0.025688357,0.018807935
0.00816,0.025656914,0.018784914
0.00815,0.025625472,0.018761893
0.00814,0.02559403,0.018738873
0.00813,0.025562587,0.018715852
0.00812,0.025531145,0.018692831
0.00811,0.025499703,0.01866981
0.0081,0.025468261,0.01864679
0.00809,0.025436818,0.018623769
0.00808,0.025405376,0.018600748
0.00807,0.025373934,0.018577727
0.00806,0.025342491,0.018554707
0.00805,0.025311049,0.018531686
0.00804,0.025279607,0.018508665
0.00803,0.025248164,0.018485645
0.00802,0.025216722,0.018462624
0.00801,0.02518528,0.018439603
0.008,0.025153838,0.018416582
0.00799,0.025122395,0.018393562
0.00798,0.025090953,0.018370541
0.00797,0.025059511,0.01834752
0.00796,0.025028068,0.018324499
0.00795,0.024996626,0.018301479
0.00794,0.024965184,0.018278458
0.00793,0.024933742,0.018255437
0.00792,0.024902299,0.018232417
0.00791,0.024870857,0.018209396
0.0079,0.024839415,0.018186375
0.00789,0.024807972,0.018163354
0.00788,0.02477653,0.018140334
0.00787,0.024745088,0.018117313
0.00786,0.024713645,0.018094292
0.00785,0.024682203,0.018071271
0.00784,0.024650761,0.018048251
0.00783,0.024619319,0.01802523
0.00782,0.024587876,0.018002209
0.00781,0.024556434,0.017979189
0.0078,0.024524992,0.017956168
0.00779,0.024493549,0.017933147
0.00778,0.024462107,0.017910126
0.00777,0.024430665,0.017887106
0.00776,0.024399222,0.017864085
0.00775,0.02436778,0.017841064
0.00774,0.024336338,0.017818043
0.00773,0.024304896,0.017795023
0.00772,0.024273453,0.017772002
0.00771,0.024242011,0.017748981
0.0077,0.024210569,0.017725961
0.00769,0.024179126,0.01770294
0.00768,0.024147684,0.017679919
0.00767,0.024116242,0.017656898
0.00766,0.024084799,0.017633878
0.00765,0.024053357,0.017610857
0.00764,0.024021915,0.017587836
0.00763,0.023990473,0.017564815
0.00762,0.02395903,0.017541795
0.00761,0.023927588,0.017518774
0.0076,0.023896146,0.017495753
0.00759,0.023864703,0.017472733
0.00758,0.023833261,0.017449712
0.00757,0.023801819,0.017426691
0.00756,0.023770377,0.01740367
0.00755,0.023738934,0.01738065
0.00754,0.023707492,0.017357629
0.00753,0.02367605,0.017334608
0.00752,0.023644607,0.017311587
0.00751,0.023613165,0.017288567
0.0075,0.023581723,0.017265546
0.00749,0.02355028,0.017242525
0.00748,0.023518838,0.017219505
0.00747,0.023487396,0.017196484
0.00746,0.023455954,0.017173463
0.00745,0.023424511,0.017150442
0.00744,0.023393069,0.017127422
0.00743,0.023361627,0.017104401
0.00742,0.023330184,0.01708138
0.00741,0.023298742,0.017058359
0.0074,0.0232673,0.017035339
0.00739,0.023235857,0.017012318
0.00738,0.023204415,0.016989297
0.00737,0.023172973,0.016966277
0.00736,0.023141531,0.016943256
0.00735,0.023110088,0.016920235
0.00734,0.023078646,0.016897214
0.00733,0.023047204,0.016874194
0.00732,0.023015761,0.016851173
0.00731,0.022984319,0.016828152
0.0073,0.022952877,0.016805131
0.00729,0.022921435,0.016782111
0.00728,0.022889992,0.01675909
0.00727,0.02285855,0.016736069
0.00726,0.022827108,0.016713049
0.00725,0.022795665,0.016690028
0.00724,0.022764223,0.016667007
0.00723,0.022732781,0.016643986
0.00722,0.022701338,0.016620966
0.00721,0.022669896,0.016597945
0.0072,0.022638454,0.016574924
0.00719,0.022607012,0.016551903
0.00718,0.022575569,0.016528883
0.00717,0.022544127,0.016505862
0.00716,0.022512685,0.016482841
0.00715,0.022481242,0.016459821
0.00714,0.0224498,0.0164368
0.00713,0.022418358,0.016413779
0.00712,0.022386915,0.016390758
0.00711,0.022355473,0.016367738
0.0071,0.022324031,0.016344717
0.00709,0.022292589,0.016321696
0.00708,0.022261146,0.016298675
0.00707,0.022229704,0.016275655
0.00706,0.022198262,0.016252634
0.00705,0.022166819,0.016229613
0.00704,0.022135377,0.016206593
0.00703,0.022103935,0.016183572
0.00702,0.022072492,0.016160551
0.00701,0.02204105,0.01613753
0.007,0.022009608,0.01611451
0.00699,0.021978166,0.016091489
0.00698,0.021946723,0.016068468
0.00697,0.021915281,0.016045447
0.00696,0.021883839,0.016022427
0.00695,0.021852396,0.015999406
0.00694,0.021820954,0.015976385
0.00693,0.021789512,0.015953365
0.00692,0.02175807,0.015930344
0.00691,0.021726627,0.015907323
0.0069,0.021695185,0.015884302
0.00689,0.021663743,0.015861282
0.00688,0.0216323,0.015838261
0.00687,0.021600858,0.01581524
0.00686,0.021569416,0.015792219
0.00685,0.021537973,0.015769199
0.00684,0.021506531,0.015746178
0.00683,0.021475089,0.015723157
0.00682,0.021443647,0.015700136
0.00681,0.021412204,0.015677116
0.0068,0.021380762,0.015654095
0.00679,0.02134932,0.015631074
0.00678,0.021317877,0.015608054
0.00677,0.021286435,0.015585033
0.00676,0.021254993,0.015562012
0.00675,0.02122355,0.015538991
0.00674,0.021192108,0.015515971
0.00673,0.021160666,0.01549295
0.00672,0.021129224,0.015469929
0.00671,0.021097781,0.015446908
0.0067,0.021066339,0.015423888
0.00669,0.021034897,0.015400867
0.00668,0.021003454,0.015377846
0.00667,0.020972012,0.015354826
0.00666,0.02094057,0.015331805
0.00665,0.020909127,0.015308784
0.00664,0.020877685,0.015285763
0.00663,0.020846243,0.015262743
0.00662,0.020814801,0.015239722
0.00661,0.020783358,0.015216701
0.0066,0.020751916,0.01519368
0.00659,0.020720474,0.01517066
0.00658,0.020689031,0.015147639
0.00657,0.020657589,0.015124618
0.00656,0.020626147,0.015101598
0.00655,0.020594705,0.015078577
0.00654,0.020563262,0.015055556
0.00653,0.02053182,0.015032535
0.00652,0.020500378,0.015009515
0.00651,0.020468935,0.014986494
0.0065,0.020437493,0.014963473
0.00649,0.020406051,0.014940452
0.00648,0.020374608,0.014917432
0.00647,0.020343166,0.014894411
0.00646,0.020311724,0.01487139
0.00645,0.020280282,0.01484837
0.00644,0.020248839,0.014825349
0.00643,0.020217397,0.014802328
0.00642,0.020185955,0.014779307
0.00641,0.020154512,0.014756287
0.0064,0.02012307,0.014733266
0.00639,0.020091628,0.014710245
0.00638,0.020060185,0.014687224
0.00637,0.020028743,0.014664204
0.00636,0.019997301,0.014641183
0.00635,0.019965859,0.014618162
0.00634,0.019934416,0.014595142
0.00633,0.019902974,0.014572121
0.00632,0.019871532,0.0145491
0.00631,0.019840089,0.014526079
0.0063,0.019808647,0.014503059
0.00629,0.019777205,0.014480038
0.00628,0.019745763,0.014457017
0.00627,0.01971432,0.014433996
0.00626,0.019682878,0.014410976
0.00625,0.019651436,0.014387955
0.00624,0.019619993,0.014364934
0.00623,0.019588551,0.014341914
0.00622,0.019557109,0.014318893
0.00621,0.019525666,0.014295872
0.0062,0.019494224,0.014272851
0.00619,0.019462782,0.014249831
0.00618,0.01943134,0.01422681
0.00617,0.019399897,0.014203789
0.00616,0.019368455,0.014180768
0.00615,0.019337013,0.014157748
0.00614,0.01930557,0.014134727
0.00613,0.019274128,0.014111706
0.00612,0.019242686,0.014088686
0.00611,0.019211243,0.014065665
0.0061,0.019179801,0.014042644
0.00609,0.019148359,0.014019623
0.00608,0.019116917,0.013996603
0.00607,0.019085474,0.013973582
0.00606,0.019054032,0.013950561
0.00605,0.01902259,0.01392754
0.00604,0.018991147,0.01390452
0.00603,0.018959705,0.013881499
0.00602,0.018928263,0.013858478
0.00601,0.01889682,0.013835458
0.006,0.018865378,0.013812437
0.00599,0.018833936,0.013789416
0.00598,0.018802494,0.013766395
0.00597,0.018771051,0.013743375
0.00596,0.018739609,0.013720354
0.00595,0.018708167,0.013697333
0.00594,0.018676724,0.013674312
0.00593,0.018645282,0.013651292
0.00592,0.01861384,0.013628271
0.00591,0.018582398,0.01360525
0.0059,0.018550955,0.01358223
0.00589,0.018519513,0.013559209
0.00588,0.018488071,0.013536188
0.00587,0.018456628,0.013513167
0.00586,0.018425186,0.013490147
0.00585,0.018393744,0.013467126
0.00584,0.018362301,0.013444105
0.00583,0.018330859,0.013421084
0.00582,0.018299417,0.013398064
0.00581,0.018267975,0.013375043
0.0058,0.018236532,0.013352022
0.00579,0.01820509,0.013329002
0.00578,0.018173648,0.013305981
0.00577,0.018142205,0.01328296
0.00576,0.018110763,0.013259939
0.00575,0.018079321,0.013236919
0.00574,0.018047878,0.013213898
0.00573,0.018016436,0.013190877
0.00572,0.017984994,0.013167856
0.00571,0.017953552,0.013144836
0.0057,0.017922109,0.013121815
0.00569,0.017890667,0.013098794
0.00568,0.017859225,0.013075774
0.00567,0.017827782,0.013052753
0.00566,0.01779634,0.013029732
0.00565,0.017764898,0.013006711
0.00564,0.017733456,0.012983691
0.00563,0.017702013,0.01296067
0.00562,0.017670571,0.012937649
0.00561,0.017639129,0.012914628
0.0056,0.017607686,0.012891608
0.00559,0.017576244,0.012868587
0.00558,0.017544802,0.012845566
0.00557,0.017513359,0.012822545
0.00556,0.017481917,0.012799525
0.00555,0.017450475,0.012776504
0.00554,0.017419033,0.012753483
0.00553,0.01738759,0.012730463
0.00552,0.017356148,0.012707442
0.00551,0.017324706,0.012684421
0.0055,0.017293263,0.0126614
0.00549,0.017261821,0.01263838
0.00548,0.017230379,0.012615359
0.00547,0.017198936,0.012592338
0.00546,0.017167494,0.012569317
0.00545,0.017136052,0.012546297
0.00544,0.01710461,0.012523276
0.00543,0.017073167,0.012500255
0.00542,0.017041725,0.012477235
0.00541,0.017010283,0.012454214
0.0054,0.01697884,0.012431193
0.00539,0.016947398,0.012408172
0.00538,0.016915956,0.012385152
0.00537,0.016884513,0.012362131
0.00536,0.016853071,0.01233911
0.00535,0.016821629,0.012316089
0.00534,0.016790187,0.012293069
0.00533,0.016758744,0.012270048
0.00532,0.016727302,0.012247027
0.00531,0.01669586,0.012224007
0.0053,0.016664417,0.012200986
0.00529,0.016632975,0.012177965
0.00528,0.016601533,0.012154944
0.00527,0.016570091,0.012131924
0.00526,0.016538648,0.012108903
0.00525,0.016507206,0.012085882
0.00524,0.016475764,0.012062861
0.00523,0.016444321,0.012039841
0.00522,0.016412879,0.01201682
0.00521,0.016381437,0.011993799
0.0052,0.016349994,0.011970779
0.00519,0.016318552,0.011947758
0.00518,0.01628711,0.011924737
0.00517,0.016255668,0.011901716
0.00516,0.016224225,0.011878696
0.00515,0.016192783,0.011855675
0.00514,0.016161341,0.011832654
0.00513,0.016129898,0.011809633
0.00512,0.016098456,0.011786613
0.00511,0.016067014,0.011763592
0.0051,0.016035571,0.011740571
0.00509,0.016004129,0.011717551
0.00508,0.015972687,0.01169453
0.00507,0.015941245,0.011671509
0.00506,0.015909802,0.011648488
0.00505,0.01587836,0.011625468
0.00504,0.015846918,0.011602447
0.00503,0.015815475,0.011579426
0.00502,0.015784033,0.011556405
0.00501,0.015752591,0.011533385
0.005,0.015721148,0.011510364
0.00499,0.015689706,0.011487343
0.00498,0.015658264,0.011464323
0.00497,0.015626822,0.011441302
0.00496,0.015595379,0.011418281
0.00495,0.015563937,0.01139526
0.00494,0.015532495,0.01137224
0.00493,0.015501052,0.011349219
0.00492,0.01546961,0.011326198
0.00491,0.015438168,0.011303177
0.0049,0.015406726,0.011280157
0.00489,0.015375283,0.011257136
0.00488,0.015343841,0.011234115
0.00487,0.015312399,0.011211095
0.00486,0.015280956,0.011188074
0.00485,0.015249514,0.011165053
0.00484,0.015218072,0.011142032
0.00483,0.015186629,0.011119012
0.00482,0.015155187,0.011095991
0.00481,0.015123745,0.01107297
0.0048,0.015092303,0.011049949
0.00479,0.01506086,0.011026929
0.00478,0.015029418,0.011003908
0.00477,0.014997976,0.010980887
0.00476,0.014966533,0.010957867
0.00475,0.014935091,0.010934846
0.00474,0.014903649,0.010911825
0.00473,0.014872206,0.010888804
0.00472,0.014840764,0.010865784
0.00471,0.014809322,0.010842763
0.0047,0.01477788,0.010819742
0.00469,0.014746437,0.010796721
0.00468,0.014714995,0.010773701
0.00467,0.014683553,0.01075068
0.00466,0.01465211,0.010727659
0.00465,0.014620668,0.010704639
0.00464,0.014589226,0.010681618
0.00463,0.014557784,0.010658597
0.00462,0.014526341,0.010635576
0.00461,0.014494899,0.010612556
0.0046,0.014463457,0.010589535
0.00459,0.014432014,0.010566514
0.00458,0.014400572,0.010543493
0.00457,0.01436913,0.010520473
0.00456,0.014337687,0.010497452
0.00455,0.014306245,0.010474431
0.00454,0.014274803,0.010451411
0.00453,0.014243361,0.01042839
0.00452,0.014211918,0.010405369
0.00451,0.014180476,0.010382348
0.0045,0.014149034,0.010359328
0.00449,0.014117591,0.010336307
0.00448,0.014086149,0.010313286
0.00447,0.014054707,0.010290265
0.00446,0.014023264,0.010267245
0.00445,0.013991822,0.010244224
0.00444,0.01396038,0.010221203
0.00443,0.013928938,0.010198183
0.00442,0.013897495,0.010175162
0.00441,0.013866053,0.010152141
0.0044,0.013834611,0.01012912
0.00439,0.013803168,0.0101061
0.00438,0.013771726,0.010083079
0.00437,0.013740284,0.010060058
0.00436,0.013708841,0.010037037
0.00435,0.013677399,0.010014017
0.00434,0.013645957,0.009990996
0.00433,0.013614515,0.009967975
0.00432,0.013583072,0.009944954
0.00431,0.01355163,0.009921934
0.0043,0.013520188,0.009898913
0.00429,0.013488745,0.009875892
0.00428,0.013457303,0.009852872
0.00427,0.013425861,0.009829851
0.00426,0.013394419,0.00980683
0.00425,0.013362976,0.009783809
0.00424,0.013331534,0.009760789
0.00423,0.013300092,0.009737768
0.00422,0.013268649,0.009714747
0.00421,0.013237207,0.009691726
0.0042,0.013205765,0.009668706
0.00419,0.013174322,0.009645685
0.00418,0.01314288,0.009622664
0.00417,0.013111438,0.009599644
0.00416,0.013079996,0.009576623
0.00415,0.013048553,0.009553602
0.00414,0.013017111,0.009530581
0.00413,0.012985669,0.009507561
0.00412,0.012954226,0.00948454
0.00411,0.012922784,0.009461519
0.0041,0.012891342,0.009438498
0.00409,0.012859899,0.009415478
0.00408,0.012828457,0.009392457
0.00407,0.012797015,0.009369436
0.00406,0.012765573,0.009346416
0.00405,0.01273413,0.009323395
0.00404,0.012702688,0.009300374
0.00403,0.012671246,0.009277353
0.00402,0.012639803,0.009254333
0.00401,0.012608361,0.009231312
0.004,0.012576919,0.009208291
0.00399,0.012545476,0.00918527
0.00398,0.012514034,0.00916225
0.00397,0.012482592,0.009139229
0.00396,0.01245115,0.009116208
0.00395,0.012419707,0.009093188
0.00394,0.012388265,0.009070167
0.00393,0.012356823,0.009047146
0.00392,0.01232538,0.009024125
0.00391,0.012293938,0.009001105
0.0039,0.012262496,0.008978084
0.00389,0.012231054,0.008955063
0.00388,0.012199611,0.008932042
0.00387,0.012168169,0.008909022
0.00386,0.012136727,0.008886001
0.00385,0.012105284,0.00886298
0.00384,0.012073842,0.00883996
0.00383,0.0120424,0.008816939
0.00382,0.012010957,0.008793918
0.00381,0.011979515,0.008770897
0.0038,0.011948073,0.008747877
0.00379,0.011916631,0.008724856
0.00378,0.011885188,0.008701835
0.00377,0.011853746,0.008678814
0.00376,0.011822304,0.008655794
0.00375,0.011790861,0.008632773
0.00374,0.011759419,0.008609752
0.00373,0.011727977,0.008586732
0.00372,0.011696534,0.008563711
0.00371,0.011665092,0.00854069
0.0037,0.01163365,0.008517669
0.00369,0.011602208,0.008494649
0.00368,0.011570765,0.008471628
0.00367,0.011539323,0.008448607
0.00366,0.011507881,0.008425586
0.00365,0.011476438,0.008402566
0.00364,0.011444996,0.008379545
0.00363,0.011413554,0.008356524
0.00362,0.011382112,0.008333504
0.00361,0.011350669,0.008310483
0.0036,0.011319227,0.008287462
0.00359,0.011287785,0.008264441
0.00358,0.011256342,0.008241421
0.00357,0.0112249,0.0082184
0.00356,0.011193458,0.008195379
0.00355,0.011162015,0.008172358
0.00354,0.011130573,0.008149338
0.00353,0.011099131,0.008126317
0.00352,0.011067689,0.008103296
0.00351,0.011036246,0.008080276
0.0035,0.011004804,0.008057255
0.00349,0.010973362,0.008034234
0.00348,0.010941919,0.008011213
0.00347,0.010910477,0.007988193
0.00346,0.010879035,0.007965172
0.00345,0.010847592,0.007942151
0.00344,0.01081615,0.00791913
0.00343,0.010784708,0.00789611
0.00342,0.010753266,0.007873089
0.00341,0.010721823,0.007850068
0.0034,0.010690381,0.007827048
0.00339,0.010658939,0.007804027
0.00338,0.010627496,0.007781006
0.00337,0.010596054,0.007757985
0.00336,0.010564612,0.007734965
0.00335,0.010533169,0.007711944
0.00334,0.010501727,0.007688923
0.00333,0.010470285,0.007665902
0.00332,0.010438843,0.007642882
0.00331,0.0104074,0.007619861
0.0033,0.010375958,0.00759684
0.00329,0.010344516,0.00757382
0.00328,0.010313073,0.007550799
0.00327,0.010281631,0.007527778
0.00326,0.010250189,0.007504757
0.00325,0.010218747,0.007481737
0.00324,0.010187304,0.007458716
0.00323,0.010155862,0.007435695
0.00322,0.01012442,0.007412674
0.00321,0.010092977,0.007389654
0.0032,0.010061535,0.007366633
0.00319,0.010030093,0.007343612
0.00318,0.00999865,0.007320592
0.00317,0.009967208,0.007297571
0.00316,0.009935766,0.00727455
0.00315,0.009904324,0.007251529
0.00314,0.009872881,0.007228509
0.00313,0.009841439,0.007205488
0.00312,0.009809997,0.007182467
0.00311,0.009778554,0.007159446
0.0031,0.009747112,0.007136426
0.00309,0.00971567,0.007113405
0.00308,0.009684227,0.007090384
0.00307,0.009652785,0.007067363
0.00306,0.009621343,0.007044343
0.00305,0.009589901,0.007021322
0.00304,0.009558458,0.006998301
0.00303,0.009527016,0.006975281
0.00302,0.009495574,0.00695226
0.00301,0.009464131,0.006929239
0.003,0.009432689,0.006906218
0.00299,0.009401247,0.006883198
0.00298,0.009369805,0.006860177
0.00297,0.009338362,0.006837156
0.00296,0.00930692,0.006814135
0.00295,0.009275478,0.006791115
0.00294,0.009244035,0.006768094
0.00293,0.009212593,0.006745073
0.00292,0.009181151,0.006722053
0.00291,0.009149708,0.006699032
0.0029,0.009118266,0.006676011
0.00289,0.009086824,0.00665299
0.00288,0.009055382,0.00662997
0.00287,0.009023939,0.006606949
0.00286,0.008992497,0.006583928
0.00285,0.008961055,0.006560907
0.00284,0.008929612,0.006537887
0.00283,0.00889817,0.006514866
0.00282,0.008866728,0.006491845
0.00281,0.008835285,0.006468825
0.0028,0.008803843,0.006445804
0.00279,0.008772401,0.006422783
0.00278,0.008740959,0.006399762
0.00277,0.008709516,0.006376742
0.00276,0.008678074,0.006353721
0.00275,0.008646632,0.0063307
0.00274,0.008615189,0.006307679
0.00273,0.008583747,0.006284659
0.00272,0.008552305,0.006261638
0.00271,0.008520862,0.006238617
0.0027,0.00848942,0.006215597
0.00269,0.008457978,0.006192576
0.00268,0.008426536,0.006169555
0.00267,0.008395093,0.006146534
0.00266,0.008363651,0.006123514
0.00265,0.008332209,0.006100493
0.00264,0.008300766,0.006077472
0.00263,0.008269324,0.006054451
0.00262,0.008237882,0.006031431
0.00261,0.00820644,0.00600841
0.0026,0.008174997,0.005985389
0.00259,0.008143555,0.005962369
0.00258,0.008112113,0.005939348
0.00257,0.00808067,0.005916327
0.00256,0.008049228,0.005893306
0.00255,0.008017786,0.005870286
0.00254,0.007986343,0.005847265
0.00253,0.007954901,0.005824244
0.00252,0.007923459,0.005801223
0.00251,0.007892017,0.005778203
0.0025,0.007860574,0.005755182
0.00249,0.007829132,0.005732161
0.00248,0.00779769,0.005709141
0.00247,0.007766247,0.00568612
0.00246,0.007734805,0.005663099
0.00245,0.007703363,0.005640078
0.00244,0.00767192,0.005617058
0.00243,0.007640478,0.005594037
0.00242,0.007609036,0.005571016
0.00241,0.007577594,0.005547995
0.0024,0.007546151,0.005524975
0.00239,0.007514709,0.005501954
0.00238,0.007483267,0.005478933
0.00237,0.007451824,0.005455913
0.00236,0.007420382,0.005432892
0.00235,0.00738894,0.005409871
0.00234,0.007357497,0.00538685
0.00233,0.007326055,0.00536383
0.00232,0.007294613,0.005340809
0.00231,0.007263171,0.005317788
0.0023,0.007231728,0.005294767
0.00229,0.007200286,0.005271747
0.00228,0.007168844,0.005248726
0.00227,0.007137401,0.005225705
0.00226,0.007105959,0.005202685
0.00225,0.007074517,0.005179664
0.00224,0.007043075,0.005156643
0.00223,0.007011632,0.005133622
0.00222,0.00698019,0.005110602
0.00221,0.006948748,0.005087581
0.0022,0.006917305,0.00506456
0.00219,0.006885863,0.005041539
0.00218,0.006854421,0.005018519
0.00217,0.006822978,0.004995498
0.00216,0.006791536,0.004972477
0.00215,0.006760094,0.004949457
0.00214,0.006728652,0.004926436
0.00213,0.006697209,0.004903415
0.00212,0.006665767,0.004880394
0.00211,0.006634325,0.004857374
0.0021,0.006602882,0.004834353
0.00209,0.00657144,0.004811332
0.00208,0.006539998,0.004788311
0.00207,0.006508555,0.004765291
0.00206,0.006477113,0.00474227
0.00205,0.006445671,0.004719249
0.00204,0.006414229,0.004696229
0.00203,0.006382786,0.004673208
0.00202,0.006351344,0.004650187
0.00201,0.006319902,0.004627166
0.002,0.006288459,0.004604146
0.00199,0.006257017,0.004581125
0.00198,0.006225575,0.004558104
0.00197,0.006194133,0.004535083
0.00196,0.00616269,0.004512063
0.00195,0.006131248,0.004489042
0.00194,0.006099806,0.004466021
0.00193,0.006068363,0.004443001
0.00192,0.006036921,0.00441998
0.00191,0.006005479,0.004396959
0.0019,0.005974036,0.004373938
0.00189,0.005942594,0.004350918
0.00188,0.005911152,0.004327897
0.00187,0.00587971,0.004304876
0.00186,0.005848267,0.004281855
0.00185,0.005816825,0.004258835
0.00184,0.005785383,0.004235814
0.00183,0.00575394,0.004212793
0.00182,0.005722498,0.004189772
0.00181,0.005691056,0.004166752
0.0018,0.005659613,0.004143731
0.00179,0.005628171,0.00412071
0.00178,0.005596729,0.00409769
0.00177,0.005565287,0.004074669
0.00176,0.005533844,0.004051648
0.00175,0.005502402,0.004028627
0.00174,0.00547096,0.004005607
0.00173,0.005439517,0.003982586
0.00172,0.005408075,0.003959565
0.00171,0.005376633,0.003936544
0.0017,0.00534519,0.003913524
0.00169,0.005313748,0.003890503
0.00168,0.005282306,0.003867482
0.00167,0.005250864,0.003844462
0.00166,0.005219421,0.003821441
0.00165,0.005187979,0.00379842
0.00164,0.005156537,0.003775399
0.00163,0.005125094,0.003752379
0.00162,0.005093652,0.003729358
0.00161,0.00506221,0.003706337
0.0016,0.005030768,0.003683316
0.00159,0.004999325,0.003660296
0.00158,0.004967883,0.003637275
0.00157,0.004936441,0.003614254
0.00156,0.004904998,0.003591234
0.00155,0.004873556,0.003568213
0.00154,0.004842114,0.003545192
0.00153,0.004810671,0.003522171
0.00152,0.004779229,0.003499151
0.00151,0.004747787,0.00347613
0.0015,0.004716345,0.003453109
0.00149,0.004684902,0.003430088
0.00148,0.00465346,0.003407068
0.00147,0.004622018,0.003384047
0.00146,0.004590575,0.003361026
0.00145,0.004559133,0.003338006
0.00144,0.004527691,0.003314985
0.00143,0.004496248,0.003291964
0.00142,0.004464806,0.003268943
0.00141,0.004433364,0.003245923
0.0014,0.004401922,0.003222902
0.00139,0.004370479,0.003199881
0.00138,0.004339037,0.00317686
0.00137,0.004307595,0.00315384
0.00136,0.004276152,0.003130819
0.00135,0.00424471,0.003107798
0.00134,0.004213268,0.003084778
0.00133,0.004181825,0.003061757
0.00132,0.004150383,0.003038736
0.00131,0.004118941,0.003015715
0.0013,0.004087499,0.002992695
0.00129,0.004056056,0.002969674
0.00128,0.004024614,0.002946653
0.00127,0.003993172,0.002923632
0.00126,0.003961729,0.002900612
0.00125,0.003930287,0.002877591
0.00124,0.003898845,0.00285457
0.00123,0.003867403,0.00283155
0.00122,0.00383596,0.002808529
0.00121,0.003804518,0.002785508
0.0012,0.003773076,0.002762487
0.00119,0.003741633,0.002739467
0.00118,0.003710191,0.002716446
0.00117,0.003678749,0.002693425
0.00116,0.003647306,0.002670404
0.00115,0.003615864,0.002647384
0.00114,0.003584422,0.002624363
0.00113,0.00355298,0.002601342
0.00112,0.003521537,0.002578322
0.00111,0.003490095,0.002555301
0.0011,0.003458653,0.00253228
0.00109,0.00342721,0.002509259
0.00108,0.003395768,0.002486239
0.00107,0.003364326,0.002463218
0.00106,0.003332883,0.002440197
0.00105,0.003301441,0.002417176
0.00104,0.003269999,0.002394156
0.00103,0.003238557,0.002371135
0.00102,0.003207114,0.002348114
0.00101,0.003175672,0.002325094
0.001,0.00314423,0.002302073
0.00099,0.003112787,0.002279052
0.00098,0.003081345,0.002256031
0.00097,0.003049903,0.002233011
0.00096,0.003018461,0.00220999
0.00095,0.002987018,0.002186969
0.00094,0.002955576,0.002163948
0.00093,0.002924134,0.002140928
0.00092,0.002892691,0.002117907
0.00091,0.002861249,0.002094886
0.0009,0.002829807,0.002071866
0.00089,0.002798364,0.002048845
0.00088,0.002766922,0.002025824
0.00087,0.00273548,0.002002803
0.00086,0.002704038,0.001979783
0.00085,0.002672595,0.001956762
0.00084,0.002641153,0.001933741
0.00083,0.002609711,0.00191072
0.00082,0.002578268,0.0018877
0.00081,0.002546826,0.001864679
0.0008,0.002515384,0.001841658
0.00079,0.002483941,0.001818638
0.00078,0.002452499,0.001795617
0.00077,0.002421057,0.001772596
0.00076,0.002389615,0.001749575
0.00075,0.002358172,0.001726555
0.00074,0.00232673,0.001703534
0.00073,0.002295288,0.001680513
0.00072,0.002263845,0.001657492
0.00071,0.002232403,0.001634472
0.0007,0.002200961,0.001611451
0.00069,0.002169518,0.00158843
0.00068,0.002138076,0.00156541
0.00067,0.002106634,0.001542389
0.00066,0.002075192,0.001519368
0.00065,0.002043749,0.001496347
0.00064,0.002012307,0.001473327
0.00063,0.001980865,0.001450306
0.00062,0.001949422,0.001427285
0.00061,0.00191798,0.001404264
0.0006,0.001886538,0.001381244
0.00059,0.001855096,0.001358223
0.00058,0.001823653,0.001335202
0.00057,0.001792211,0.001312181
0.00056,0.001760769,0.001289161
0.00055,0.001729326,0.00126614
0.00054,0.001697884,0.001243119
0.00053,0.001666442,0.001220099
0.00052,0.001634999,0.001197078
0.00051,0.001603557,0.001174057
0.0005,0.001572115,0.001151036
0.00049,0.001540673,0.001128016
0.00048,0.00150923,0.001104995
0.00047,0.001477788,0.001081974
0.00046,0.001446346,0.001058953
0.00045,0.001414903,0.001035933
0.00044,0.001383461,0.001012912
0.00043,0.001352019,0.000989891
0.00042,0.001320576,0.000966871
0.00041,0.001289134,0.00094385
0.0004,0.001257692,0.000920829
0.00039,0.00122625,0.000897808
0.00038,0.001194807,0.000874788
0.00037,0.001163365,0.000851767
0.00036,0.001131923,0.000828746
0.00035,0.00110048,0.000805725
0.00034,0.001069038,0.000782705
0.00033,0.001037596,0.000759684
0.00032,0.001006154,0.000736663
0.00031,0.000974711,0.000713643
0.0003,0.000943269,0.000690622
0.00029,0.000911827,0.000667601
0.00028,0.000880384,0.00064458
0.00027,0.000848942,0.00062156
0.00026,0.0008175,0.000598539
0.00025,0.000786057,0.000575518
0.00024,0.000754615,0.000552497
0.00023,0.000723173,0.000529477
0.00022,0.000691731,0.000506456
0.00021,0.000660288,0.000483435
0.0002,0.000628846,0.000460415
0.00019,0.000597404,0.000437394
0.00018,0.000565961,0.000414373
0.00017,0.000534519,0.000391352
0.00016,0.000503077,0.000368332
0.00015,0.000471634,0.000345311
0.00014,0.000440192,0.00032229
0.00013,0.00040875,0.000299269
0.00012,0.000377308,0.000276249
0.00011,0.000345865,0.000253228
0.0001,0.000314423,0.000230207
9.00E-05,0.000282981,0.000207187
8.00E-05,0.000251538,0.000184166
7.00E-05,0.000220096,0.000161145
6.00E-05,0.000188654,0.000138124
5.00E-05,0.000157211,0.000115104
4.00E-05,0.000125769,9.21E-05
3.00E-05,9.43E-05,6.91E-05
2.00E-05,6.29E-05,4.60E-05
1.00E-05,3.14E-05,2.30E-05
